S2A_MSIL2A_20230103T152641_R025_T18PXS_20230104T064411	B06
S2A_MSIL2A_20230103T152641_R025_T18PXS_20230104T064411	B07
S2A_MSIL2A_20230103T152641_R025_T18PXS_20230104T064411	B08
S2A_MSIL2A_20230103T152641_R025_T18PXS_20230104T064411	B11
S2B_MSIL2A_20221226T151709_R125_T18NYL_20221227T055350	B08
S2B_MSIL2A_20221226T151709_R125_T18NYL_20221227T055350	B11
S2B_MSIL2A_20221219T152639_R025_T18PXR_20221220T104346	B02
S2B_MSIL2A_20221219T152639_R025_T18PXR_20221220T104346	B03
S2B_MSIL2A_20221219T152639_R025_T18PXR_20221220T104346	B04
S2B_MSIL2A_20221219T152639_R025_T18PXR_20221220T104346	B05
S2B_MSIL2A_20221219T152639_R025_T18PXR_20221220T104346	B06
S2B_MSIL2A_20221219T152639_R025_T18PXR_20221220T104346	B07
S2B_MSIL2A_20221219T152639_R025_T18PXR_20221220T104346	B08
S2B_MSIL2A_20221219T152639_R025_T18PXR_20221220T104346	B11
S2B_MSIL2A_20221229T152639_R025_T18PXR_20221230T193758	B06
S2B_MSIL2A_20221229T152639_R025_T18PXR_20221230T193758	B07
S2B_MSIL2A_20221229T152639_R025_T18PXR_20221230T193758	B08
S2B_MSIL2A_20221229T152639_R025_T18PXR_20221230T193758	B11
S2B_MSIL2A_20230128T152639_R025_T18PXR_20230130T065242	B04
S2B_MSIL2A_20230128T152639_R025_T18PXR_20230130T065242	B05
S2B_MSIL2A_20230128T152639_R025_T18PXR_20230130T065242	B06
S2B_MSIL2A_20230128T152639_R025_T18PXR_20230130T065242	B07
S2B_MSIL2A_20230128T152639_R025_T18PXR_20230130T065242	B08
S2B_MSIL2A_20230128T152639_R025_T18PXR_20230130T065242	B11
S2A_MSIL2A_20230123T152641_R025_T18PXQ_20230124T223111	B02
S2A_MSIL2A_20230123T152641_R025_T18PXQ_20230124T223111	B03
S2A_MSIL2A_20230123T152641_R025_T18PXQ_20230124T223111	B04
S2A_MSIL2A_20230123T152641_R025_T18PXQ_20230124T223111	B05
S2A_MSIL2A_20230123T152641_R025_T18PXQ_20230124T223111	B06
S2A_MSIL2A_20230123T152641_R025_T18PXQ_20230124T223111	B07
S2A_MSIL2A_20230123T152641_R025_T18PXQ_20230124T223111	B08
S2A_MSIL2A_20230123T152641_R025_T18PXQ_20230124T223111	B11
S2A_MSIL2A_20230123T152641_R025_T18PXQ_20230124T223111	B12
S2A_MSIL2A_20230212T152641_R025_T18PXQ_20230213T045824	B03
S2A_MSIL2A_20230212T152641_R025_T18PXQ_20230213T045824	B04
S2A_MSIL2A_20230212T152641_R025_T18PXQ_20230213T045824	B05
S2A_MSIL2A_20230212T152641_R025_T18PXQ_20230213T045824	B06
S2A_MSIL2A_20230212T152641_R025_T18PXQ_20230213T045824	B07
S2A_MSIL2A_20230212T152641_R025_T18PXQ_20230213T045824	B08
S2A_MSIL2A_20230212T152641_R025_T18PXQ_20230213T045824	B11
S2A_MSIL2A_20230212T152641_R025_T18PXQ_20230213T045824	B12
S2B_MSIL2A_20221219T152639_R025_T18PXQ_20221220T092119	B04
S2B_MSIL2A_20221219T152639_R025_T18PXQ_20221220T092119	B05
S2B_MSIL2A_20221219T152639_R025_T18PXQ_20221220T092119	B06
S2B_MSIL2A_20221219T152639_R025_T18PXQ_20221220T092119	B07
S2B_MSIL2A_20221219T152639_R025_T18PXQ_20221220T092119	B08
S2B_MSIL2A_20221219T152639_R025_T18PXQ_20221220T092119	B11
S2B_MSIL2A_20230118T152639_R025_T18PXQ_20230120T142457	B11
S2B_MSIL2A_20230118T152639_R025_T18PXQ_20230120T142457	B12
S2B_MSIL2A_20230227T152639_R025_T18PXQ_20230301T041646	B04
S2B_MSIL2A_20230227T152639_R025_T18PXQ_20230301T041646	B05
S2B_MSIL2A_20230227T152639_R025_T18PXQ_20230301T041646	B06
S2B_MSIL2A_20230227T152639_R025_T18PXQ_20230301T041646	B07
S2B_MSIL2A_20230227T152639_R025_T18PXQ_20230301T041646	B08
S2B_MSIL2A_20230227T152639_R025_T18PXQ_20230301T041646	B11
S2B_MSIL2A_20230227T152639_R025_T18PXQ_20230301T041646	B12
S2B_MSIL2A_20230204T151659_R125_T18NXJ_20230205T112433	B11
S2B_MSIL2A_20230204T151659_R125_T18NXJ_20230205T112433	B12
S2A_MSIL2A_20221221T151701_R125_T18NYJ_20221223T090328	B04
S2A_MSIL2A_20221221T151701_R125_T18NYJ_20221223T090328	B05
S2A_MSIL2A_20221221T151701_R125_T18NYJ_20221223T090328	B06
S2A_MSIL2A_20221221T151701_R125_T18NYJ_20221223T090328	B07
S2A_MSIL2A_20221221T151701_R125_T18NYJ_20221223T090328	B08
S2A_MSIL2A_20221221T151701_R125_T18NYJ_20221223T090328	B11
S2A_MSIL2A_20221221T151701_R125_T18NYJ_20221223T090328	B12
S2B_MSIL2A_20221216T151659_R125_T18NYJ_20221217T113557	B04
S2B_MSIL2A_20221216T151659_R125_T18NYJ_20221217T113557	B05
S2B_MSIL2A_20221216T151659_R125_T18NYJ_20221217T113557	B06
S2B_MSIL2A_20221216T151659_R125_T18NYJ_20221217T113557	B07
S2B_MSIL2A_20221216T151659_R125_T18NYJ_20221217T113557	B08
S2B_MSIL2A_20221216T151659_R125_T18NYJ_20221217T113557	B11
S2B_MSIL2A_20221216T151659_R125_T18NYJ_20221217T113557	B12
S2B_MSIL2A_20230105T151659_R125_T18NYJ_20230106T060854	B05
S2B_MSIL2A_20230105T151659_R125_T18NYJ_20230106T060854	B06
S2B_MSIL2A_20230105T151659_R125_T18NYJ_20230106T060854	B07
S2B_MSIL2A_20230105T151659_R125_T18NYJ_20230106T060854	B08
S2B_MSIL2A_20230105T151659_R125_T18NYJ_20230106T060854	B11
S2B_MSIL2A_20230105T151659_R125_T18NYJ_20230106T060854	B12
S2B_MSIL2A_20230115T151659_R125_T18NYJ_20230116T030041	B02
S2B_MSIL2A_20230115T151659_R125_T18NYJ_20230116T030041	B03
S2B_MSIL2A_20230115T151659_R125_T18NYJ_20230116T030041	B04
S2B_MSIL2A_20230115T151659_R125_T18NYJ_20230116T030041	B05
S2B_MSIL2A_20230115T151659_R125_T18NYJ_20230116T030041	B06
S2B_MSIL2A_20230115T151659_R125_T18NYJ_20230116T030041	B07
S2B_MSIL2A_20230115T151659_R125_T18NYJ_20230116T030041	B08
S2B_MSIL2A_20230115T151659_R125_T18NYJ_20230116T030041	B11
S2B_MSIL2A_20230115T151659_R125_T18NYJ_20230116T030041	B12
S2A_MSIL2A_20230202T152641_R025_T18NXK_20230203T113018	B11
S2A_MSIL2A_20230202T152641_R025_T18NXK_20230203T113018	B12
S2B_MSIL2A_20230125T151659_R125_T19NBE_20230127T022418	B07
S2B_MSIL2A_20230125T151659_R125_T19NBE_20230127T022418	B08
S2B_MSIL2A_20230125T151659_R125_T19NBE_20230127T022418	B11
S2A_MSIL2A_20230126T153621_R068_T17NQB_20230127T200042	B02
S2A_MSIL2A_20230126T153621_R068_T17NQB_20230127T200042	B03
S2A_MSIL2A_20230126T153621_R068_T17NQB_20230127T200042	B04
S2A_MSIL2A_20230126T153621_R068_T17NQB_20230127T200042	B05
S2A_MSIL2A_20230126T153621_R068_T17NQB_20230127T200042	B06
S2A_MSIL2A_20230126T153621_R068_T17NQB_20230127T200042	B07
S2A_MSIL2A_20230126T153621_R068_T17NQB_20230127T200042	B08
S2A_MSIL2A_20230126T153621_R068_T17NQB_20230127T200042	B11
S2A_MSIL2A_20230126T153621_R068_T17NQB_20230127T200042	B12
S2A_MSIL2A_20230106T153621_R068_T18PVS_20230107T071118	B08
S2A_MSIL2A_20230106T153621_R068_T18PVS_20230107T071118	B11
S2A_MSIL2A_20230126T153621_R068_T18PVS_20230127T195355	B07
S2A_MSIL2A_20230126T153621_R068_T18PVS_20230127T195355	B08
S2A_MSIL2A_20230126T153621_R068_T18PVS_20230127T195355	B11
S2B_MSIL2A_20230101T153619_R068_T18PVS_20230102T050438	B07
S2B_MSIL2A_20230101T153619_R068_T18PVS_20230102T050438	B08
S2B_MSIL2A_20230101T153619_R068_T18PVS_20230102T050438	B11
S2A_MSIL2A_20221121T151701_R125_T18NZJ_20221122T024133	B02
S2A_MSIL2A_20221121T151701_R125_T18NZJ_20221122T024133	B03
S2A_MSIL2A_20221121T151701_R125_T18NZJ_20221122T024133	B04
S2A_MSIL2A_20221121T151701_R125_T18NZJ_20221122T024133	B05
S2A_MSIL2A_20221121T151701_R125_T18NZJ_20221122T024133	B06
S2A_MSIL2A_20221121T151701_R125_T18NZJ_20221122T024133	B07
S2A_MSIL2A_20221121T151701_R125_T18NZJ_20221122T024133	B08
S2A_MSIL2A_20221121T151701_R125_T18NZJ_20221122T024133	B11
S2A_MSIL2A_20221121T151701_R125_T18NZJ_20221122T024133	B12
S2B_MSIL2A_20221126T151709_R125_T18NZJ_20221201T165824	B02
S2B_MSIL2A_20221126T151709_R125_T18NZJ_20221201T165824	B03
S2B_MSIL2A_20221126T151709_R125_T18NZJ_20221201T165824	B04
S2B_MSIL2A_20221126T151709_R125_T18NZJ_20221201T165824	B05
S2B_MSIL2A_20221126T151709_R125_T18NZJ_20221201T165824	B06
S2B_MSIL2A_20221126T151709_R125_T18NZJ_20221201T165824	B07
S2B_MSIL2A_20221126T151709_R125_T18NZJ_20221201T165824	B08
S2B_MSIL2A_20221126T151709_R125_T18NZJ_20221201T165824	B11
S2B_MSIL2A_20221126T151709_R125_T18NZJ_20221201T165824	B12
S2B_MSIL2A_20230115T151659_R125_T18NZJ_20230116T033452	B07
S2B_MSIL2A_20230115T151659_R125_T18NZJ_20230116T033452	B08
S2B_MSIL2A_20230115T151659_R125_T18NZJ_20230116T033452	B11
S2B_MSIL2A_20230115T151659_R125_T18NZJ_20230116T033452	B12
S2B_MSIL2A_20230121T153619_R068_T18PVR_20230123T060104	B08
S2B_MSIL2A_20230121T153619_R068_T18PVR_20230123T060104	B11
S2B_MSIL2A_20221202T153619_R068_T18PUQ_20221203T232118	B11
S2B_MSIL2A_20230101T153619_R068_T18PUQ_20230102T053659	B05
S2B_MSIL2A_20230101T153619_R068_T18PUQ_20230102T053659	B06
S2B_MSIL2A_20230101T153619_R068_T18PUQ_20230102T053659	B07
S2B_MSIL2A_20230101T153619_R068_T18PUQ_20230102T053659	B08
S2B_MSIL2A_20230101T153619_R068_T18PUQ_20230102T053659	B11
S2B_MSIL2A_20221223T150719_R082_T19NBF_20221224T215831	B07
S2B_MSIL2A_20221223T150719_R082_T19NBF_20221224T215831	B08
S2B_MSIL2A_20221223T150719_R082_T19NBF_20221224T215831	B11
S2A_MSIL2A_20221224T152641_R025_T18NWP_20221225T190436	B11
S2B_MSIL2A_20230128T152639_R025_T18PYS_20230130T065501	B06
S2B_MSIL2A_20230128T152639_R025_T18PYS_20230130T065501	B07
S2B_MSIL2A_20230128T152639_R025_T18PYS_20230130T065501	B08
S2B_MSIL2A_20230128T152639_R025_T18PYS_20230130T065501	B11
S2A_MSIL2A_20221224T152641_R025_T18PYT_20221225T184240	B08
S2A_MSIL2A_20221224T152641_R025_T18PYT_20221225T184240	B11
S2B_MSIL2A_20230118T152639_R025_T18PYT_20230120T123259	B03
S2B_MSIL2A_20230118T152639_R025_T18PYT_20230120T123259	B04
S2B_MSIL2A_20230118T152639_R025_T18PYT_20230120T123259	B05
S2B_MSIL2A_20230118T152639_R025_T18PYT_20230120T123259	B06
S2B_MSIL2A_20230118T152639_R025_T18PYT_20230120T123259	B07
S2B_MSIL2A_20230118T152639_R025_T18PYT_20230120T123259	B08
S2B_MSIL2A_20230118T152639_R025_T18PYT_20230120T123259	B11
S2B_MSIL2A_20230128T152639_R025_T18PXT_20230130T073721	B05
S2B_MSIL2A_20230128T152639_R025_T18PXT_20230130T073721	B06
S2B_MSIL2A_20230128T152639_R025_T18PXT_20230130T073721	B07
S2B_MSIL2A_20230128T152639_R025_T18PXT_20230130T073721	B08
S2B_MSIL2A_20230128T152639_R025_T18PXT_20230130T073721	B11
S2A_MSIL2A_20221207T153621_R068_T18NTP_20221208T163000	B11
S2B_MSIL2A_20230121T153619_R068_T18NTP_20230123T044652	B03
S2B_MSIL2A_20230121T153619_R068_T18NTP_20230123T044652	B04
S2B_MSIL2A_20230121T153619_R068_T18NTP_20230123T044652	B05
S2B_MSIL2A_20230121T153619_R068_T18NTP_20230123T044652	B06
S2B_MSIL2A_20230121T153619_R068_T18NTP_20230123T044652	B07
S2B_MSIL2A_20230121T153619_R068_T18NTP_20230123T044652	B08
S2B_MSIL2A_20230121T153619_R068_T18NTP_20230123T044652	B11
S2A_MSIL2A_20230103T152641_R025_T18PWR_20230104T062612	B03
S2A_MSIL2A_20230103T152641_R025_T18PWR_20230104T062612	B04
S2A_MSIL2A_20230103T152641_R025_T18PWR_20230104T062612	B05
S2A_MSIL2A_20230103T152641_R025_T18PWR_20230104T062612	B06
S2A_MSIL2A_20230103T152641_R025_T18PWR_20230104T062612	B07
S2A_MSIL2A_20230103T152641_R025_T18PWR_20230104T062612	B08
S2A_MSIL2A_20230103T152641_R025_T18PWR_20230104T062612	B11
S2A_MSIL2A_20221231T151701_R125_T18NYH_20230101T105806	B11
S2A_MSIL2A_20220823T151721_R125_T18NYH_20220824T165307	B03
S2A_MSIL2A_20220823T151721_R125_T18NYH_20220824T165307	B04
S2A_MSIL2A_20220823T151721_R125_T18NYH_20220824T165307	B05
S2A_MSIL2A_20220823T151721_R125_T18NYH_20220824T165307	B06
S2A_MSIL2A_20220823T151721_R125_T18NYH_20220824T165307	B07
S2A_MSIL2A_20220823T151721_R125_T18NYH_20220824T165307	B08
S2A_MSIL2A_20220823T151721_R125_T18NYH_20220824T165307	B11
S2A_MSIL2A_20221228T150721_R082_T19NDG_20221230T023303	B04
S2A_MSIL2A_20221228T150721_R082_T19NDG_20221230T023303	B05
S2A_MSIL2A_20221228T150721_R082_T19NDG_20221230T023303	B06
S2A_MSIL2A_20221228T150721_R082_T19NDG_20221230T023303	B07
S2A_MSIL2A_20221228T150721_R082_T19NDG_20221230T023303	B08
S2A_MSIL2A_20221228T150721_R082_T19NDG_20221230T023303	B11
S2B_MSIL2A_20221223T150719_R082_T19NDG_20221224T222101	B06
S2B_MSIL2A_20221223T150719_R082_T19NDG_20221224T222101	B07
S2B_MSIL2A_20221223T150719_R082_T19NDG_20221224T222101	B08
S2B_MSIL2A_20221223T150719_R082_T19NDG_20221224T222101	B11
S2A_MSIL2A_20221214T152641_R025_T18PWQ_20221215T060707	B05
S2A_MSIL2A_20221214T152641_R025_T18PWQ_20221215T060707	B06
S2A_MSIL2A_20221214T152641_R025_T18PWQ_20221215T060707	B07
S2A_MSIL2A_20221214T152641_R025_T18PWQ_20221215T060707	B08
S2A_MSIL2A_20221214T152641_R025_T18PWQ_20221215T060707	B11
S2B_MSIL2A_20221209T152639_R025_T18PWQ_20221210T120201	B04
S2B_MSIL2A_20221209T152639_R025_T18PWQ_20221210T120201	B05
S2B_MSIL2A_20221209T152639_R025_T18PWQ_20221210T120201	B06
S2B_MSIL2A_20221209T152639_R025_T18PWQ_20221210T120201	B07
S2B_MSIL2A_20221209T152639_R025_T18PWQ_20221210T120201	B08
S2B_MSIL2A_20221209T152639_R025_T18PWQ_20221210T120201	B11
S2B_MSIL2A_20221229T152639_R025_T18PWQ_20221230T192942	B04
S2B_MSIL2A_20221229T152639_R025_T18PWQ_20221230T192942	B05
S2B_MSIL2A_20221229T152639_R025_T18PWQ_20221230T192942	B06
S2B_MSIL2A_20221229T152639_R025_T18PWQ_20221230T192942	B07
S2B_MSIL2A_20221229T152639_R025_T18PWQ_20221230T192942	B08
S2B_MSIL2A_20221229T152639_R025_T18PWQ_20221230T192942	B11
S2A_MSIL2A_20230130T151701_R125_T19NBG_20230131T192503	B04
S2A_MSIL2A_20230130T151701_R125_T19NBG_20230131T192503	B05
S2A_MSIL2A_20230130T151701_R125_T19NBG_20230131T192503	B06
S2A_MSIL2A_20230130T151701_R125_T19NBG_20230131T192503	B07
S2A_MSIL2A_20230130T151701_R125_T19NBG_20230131T192503	B08
S2A_MSIL2A_20230130T151701_R125_T19NBG_20230131T192503	B11
S2B_MSIL2A_20230125T151659_R125_T19NBG_20230127T021813	B03
S2B_MSIL2A_20230125T151659_R125_T19NBG_20230127T021813	B04
S2B_MSIL2A_20230125T151659_R125_T19NBG_20230127T021813	B05
S2B_MSIL2A_20230125T151659_R125_T19NBG_20230127T021813	B06
S2B_MSIL2A_20230125T151659_R125_T19NBG_20230127T021813	B07
S2B_MSIL2A_20230125T151659_R125_T19NBG_20230127T021813	B08
S2B_MSIL2A_20230125T151659_R125_T19NBG_20230127T021813	B11
S2B_MSIL2A_20221219T152639_R025_T18NXL_20221220T102315	B04
S2B_MSIL2A_20221219T152639_R025_T18NXL_20221220T102315	B05
S2B_MSIL2A_20221219T152639_R025_T18NXL_20221220T102315	B06
S2B_MSIL2A_20221219T152639_R025_T18NXL_20221220T102315	B07
S2B_MSIL2A_20221219T152639_R025_T18NXL_20221220T102315	B08
S2B_MSIL2A_20221219T152639_R025_T18NXL_20221220T102315	B11
S2A_MSIL2A_20230219T151701_R125_T18NZH_20230221T093248	B11
S2A_MSIL2A_20230219T151701_R125_T18NZH_20230221T093248	B12
S2B_MSIL2A_20221216T151659_R125_T18NZH_20221217T132952	B02
S2B_MSIL2A_20221216T151659_R125_T18NZH_20221217T132952	B03
S2B_MSIL2A_20221216T151659_R125_T18NZH_20221217T132952	B04
S2B_MSIL2A_20221216T151659_R125_T18NZH_20221217T132952	B05
S2B_MSIL2A_20221216T151659_R125_T18NZH_20221217T132952	B06
S2B_MSIL2A_20221216T151659_R125_T18NZH_20221217T132952	B07
S2B_MSIL2A_20221216T151659_R125_T18NZH_20221217T132952	B08
S2B_MSIL2A_20221216T151659_R125_T18NZH_20221217T132952	B11
S2B_MSIL2A_20221216T151659_R125_T18NZH_20221217T132952	B12
S2B_MSIL2A_20230125T151659_R125_T18NYM_20230127T032436	B04
S2B_MSIL2A_20230125T151659_R125_T18NYM_20230127T032436	B05
S2B_MSIL2A_20230125T151659_R125_T18NYM_20230127T032436	B06
S2B_MSIL2A_20230125T151659_R125_T18NYM_20230127T032436	B07
S2B_MSIL2A_20230125T151659_R125_T18NYM_20230127T032436	B08
S2B_MSIL2A_20230125T151659_R125_T18NYM_20230127T032436	B11
S2B_MSIL2A_20221219T152639_R025_T18NWJ_20221220T100409	B02
S2B_MSIL2A_20221219T152639_R025_T18NWJ_20221220T100409	B03
S2B_MSIL2A_20221219T152639_R025_T18NWJ_20221220T100409	B04
S2B_MSIL2A_20221219T152639_R025_T18NWJ_20221220T100409	B05
S2B_MSIL2A_20221219T152639_R025_T18NWJ_20221220T100409	B06
S2B_MSIL2A_20221219T152639_R025_T18NWJ_20221220T100409	B07
S2B_MSIL2A_20221219T152639_R025_T18NWJ_20221220T100409	B08
S2B_MSIL2A_20221219T152639_R025_T18NWJ_20221220T100409	B11
S2B_MSIL2A_20221219T152639_R025_T18NWJ_20221220T100409	B12
S2A_MSIL2A_20230219T151701_R125_T18NXH_20230221T095239	B05
S2A_MSIL2A_20230219T151701_R125_T18NXH_20230221T095239	B06
S2A_MSIL2A_20230219T151701_R125_T18NXH_20230221T095239	B07
S2A_MSIL2A_20230219T151701_R125_T18NXH_20230221T095239	B08
S2A_MSIL2A_20230219T151701_R125_T18NXH_20230221T095239	B11
S2A_MSIL2A_20230219T151701_R125_T18NXH_20230221T095239	B12
S2B_MSIL2A_20230204T151659_R125_T18NXH_20230205T120650	B03
S2B_MSIL2A_20230204T151659_R125_T18NXH_20230205T120650	B04
S2B_MSIL2A_20230204T151659_R125_T18NXH_20230205T120650	B05
S2B_MSIL2A_20230204T151659_R125_T18NXH_20230205T120650	B06
S2B_MSIL2A_20230204T151659_R125_T18NXH_20230205T120650	B07
S2B_MSIL2A_20230204T151659_R125_T18NXH_20230205T120650	B08
S2B_MSIL2A_20230204T151659_R125_T18NXH_20230205T120650	B11
S2B_MSIL2A_20230204T151659_R125_T18NXH_20230205T120650	B12
S2B_MSIL2A_20230118T152639_R025_T18PVQ_20230120T134023	B06
S2B_MSIL2A_20230118T152639_R025_T18PVQ_20230120T134023	B07
S2B_MSIL2A_20230118T152639_R025_T18PVQ_20230120T134023	B08
S2B_MSIL2A_20230118T152639_R025_T18PVQ_20230120T134023	B11
S2B_MSIL2A_20221226T151709_R125_T18NYP_20221227T060909	B06
S2B_MSIL2A_20221226T151709_R125_T18NYP_20221227T060909	B07
S2B_MSIL2A_20221226T151709_R125_T18NYP_20221227T060909	B08
S2B_MSIL2A_20221226T151709_R125_T18NYP_20221227T060909	B11
S2B_MSIL2A_20230207T152639_R025_T18NYP_20230208T155445	B02
S2B_MSIL2A_20230207T152639_R025_T18NYP_20230208T155445	B03
S2B_MSIL2A_20230207T152639_R025_T18NYP_20230208T155445	B04
S2B_MSIL2A_20230207T152639_R025_T18NYP_20230208T155445	B05
S2B_MSIL2A_20230207T152639_R025_T18NYP_20230208T155445	B06
S2B_MSIL2A_20230207T152639_R025_T18NYP_20230208T155445	B07
S2B_MSIL2A_20230207T152639_R025_T18NYP_20230208T155445	B08
S2B_MSIL2A_20230207T152639_R025_T18NYP_20230208T155445	B11
S2B_MSIL2A_20230207T152639_R025_T18NYP_20230208T155445	B12
S2A_MSIL2A_20221204T152641_R025_T18PYR_20221205T074521	B02
S2A_MSIL2A_20221204T152641_R025_T18PYR_20221205T074521	B03
S2A_MSIL2A_20221204T152641_R025_T18PYR_20221205T074521	B04
S2A_MSIL2A_20221204T152641_R025_T18PYR_20221205T074521	B05
S2A_MSIL2A_20221204T152641_R025_T18PYR_20221205T074521	B06
S2A_MSIL2A_20221204T152641_R025_T18PYR_20221205T074521	B07
S2A_MSIL2A_20221204T152641_R025_T18PYR_20221205T074521	B08
S2A_MSIL2A_20221204T152641_R025_T18PYR_20221205T074521	B11
S2A_MSIL2A_20221204T152641_R025_T18PYR_20221205T074521	B12
S2B_MSIL2A_20230128T152639_R025_T18NYN_20230130T070611	B06
S2B_MSIL2A_20230128T152639_R025_T18NYN_20230130T070611	B07
S2B_MSIL2A_20230128T152639_R025_T18NYN_20230130T070611	B08
S2B_MSIL2A_20230128T152639_R025_T18NYN_20230130T070611	B11
S2A_MSIL2A_20221207T153621_R068_T17NQC_20221208T173220	B03
S2A_MSIL2A_20221207T153621_R068_T17NQC_20221208T173220	B04
S2A_MSIL2A_20221207T153621_R068_T17NQC_20221208T173220	B05
S2A_MSIL2A_20221207T153621_R068_T17NQC_20221208T173220	B06
S2A_MSIL2A_20221207T153621_R068_T17NQC_20221208T173220	B07
S2A_MSIL2A_20221207T153621_R068_T17NQC_20221208T173220	B08
S2A_MSIL2A_20221207T153621_R068_T17NQC_20221208T173220	B11
S2A_MSIL2A_20221207T153621_R068_T17NQC_20221208T173220	B12
S2A_MSIL2A_20230317T153621_R068_T17NQC_20230318T003640	B11
S2A_MSIL2A_20230317T153621_R068_T17NQC_20230318T003640	B12
S2B_MSIL2A_20230101T153619_R068_T17NQC_20230102T061024	B08
S2B_MSIL2A_20230101T153619_R068_T17NQC_20230102T061024	B11
S2B_MSIL2A_20230101T153619_R068_T17NQC_20230102T061024	B12
S2B_MSIL2A_20230501T153619_R068_T17NQC_20230711T231313	B04
S2B_MSIL2A_20230501T153619_R068_T17NQC_20230711T231313	B05
S2B_MSIL2A_20230501T153619_R068_T17NQC_20230711T231313	B06
S2B_MSIL2A_20230501T153619_R068_T17NQC_20230711T231313	B07
S2B_MSIL2A_20230501T153619_R068_T17NQC_20230711T231313	B08
S2B_MSIL2A_20230501T153619_R068_T17NQC_20230711T231313	B11
S2B_MSIL2A_20230501T153619_R068_T17NQC_20230711T231313	B12
S2A_MSIL2A_20221204T152641_R025_T18NWH_20221205T055746	B11
S2A_MSIL2A_20221204T152641_R025_T18NWH_20221205T055746	B12
S2A_MSIL2A_20220707T152651_R025_T18MVE_20220708T110355	B04
S2A_MSIL2A_20220707T152651_R025_T18MVE_20220708T110355	B05
S2A_MSIL2A_20220707T152651_R025_T18MVE_20220708T110355	B06
S2A_MSIL2A_20220707T152651_R025_T18MVE_20220708T110355	B07
S2A_MSIL2A_20220707T152651_R025_T18MVE_20220708T110355	B08
S2A_MSIL2A_20220707T152651_R025_T18MVE_20220708T110355	B11
S2A_MSIL2A_20221005T152651_R025_T18MVE_20221006T074110	B11
S2B_MSIL2A_20230128T152639_R025_T18MVE_20230130T073845	B06
S2B_MSIL2A_20230128T152639_R025_T18MVE_20230130T073845	B07
S2B_MSIL2A_20230128T152639_R025_T18MVE_20230130T073845	B08
S2B_MSIL2A_20230128T152639_R025_T18MVE_20230130T073845	B11
S2B_MSIL2A_20221219T152639_R025_T18NVN_20221220T095138	B04
S2B_MSIL2A_20221219T152639_R025_T18NVN_20221220T095138	B05
S2B_MSIL2A_20221219T152639_R025_T18NVN_20221220T095138	B06
S2B_MSIL2A_20221219T152639_R025_T18NVN_20221220T095138	B07
S2B_MSIL2A_20221219T152639_R025_T18NVN_20221220T095138	B08
S2B_MSIL2A_20221219T152639_R025_T18NVN_20221220T095138	B11
S2B_MSIL2A_20221226T151709_R125_T18NYG_20221227T051211	B05
S2B_MSIL2A_20221226T151709_R125_T18NYG_20221227T051211	B06
S2B_MSIL2A_20221226T151709_R125_T18NYG_20221227T051211	B07
S2B_MSIL2A_20221226T151709_R125_T18NYG_20221227T051211	B08
S2B_MSIL2A_20221226T151709_R125_T18NYG_20221227T051211	B11
S2B_MSIL2A_20230224T151709_R125_T18NYG_20230226T171908	B12
S2A_MSIL2A_20220922T151711_R125_T18NYG_20220923T074434	B11
S2B_MSIL2A_20221216T151659_R125_T18NXN_20221217T113429	B06
S2B_MSIL2A_20221216T151659_R125_T18NXN_20221217T113429	B07
S2B_MSIL2A_20221216T151659_R125_T18NXN_20221217T113429	B08
S2B_MSIL2A_20221216T151659_R125_T18NXN_20221217T113429	B11
S2B_MSIL2A_20221206T151659_R125_T18NXN_20221207T162328	B07
S2B_MSIL2A_20221206T151659_R125_T18NXN_20221207T162328	B08
S2B_MSIL2A_20221206T151659_R125_T18NXN_20221207T162328	B11
S2A_MSIL2A_20230225T153621_R068_T18NTN_20230227T131545	B11
S2A_MSIL2A_20230225T153621_R068_T18NTN_20230227T131545	B12
S2B_MSIL2A_20230128T152639_R025_T18NVL_20230130T064101	B11
S2A_MSIL2A_20220829T153631_R068_T18NTM_20220831T033505	B07
S2A_MSIL2A_20220829T153631_R068_T18NTM_20220831T033505	B08
S2A_MSIL2A_20220829T153631_R068_T18NTM_20220831T033505	B11
S2A_MSIL2A_20220829T153631_R068_T18NTM_20220831T033505	B12
S2A_MSIL2A_20220829T153631_R068_T18NUL_20220831T030107	B02
S2A_MSIL2A_20220829T153631_R068_T18NUL_20220831T030107	B03
S2A_MSIL2A_20220829T153631_R068_T18NUL_20220831T030107	B04
S2A_MSIL2A_20220829T153631_R068_T18NUL_20220831T030107	B05
S2A_MSIL2A_20220829T153631_R068_T18NUL_20220831T030107	B06
S2A_MSIL2A_20220829T153631_R068_T18NUL_20220831T030107	B07
S2A_MSIL2A_20220829T153631_R068_T18NUL_20220831T030107	B08
S2A_MSIL2A_20220829T153631_R068_T18NUL_20220831T030107	B11
S2A_MSIL2A_20220829T153631_R068_T18NUL_20220831T030107	B12
S2A_MSIL2A_20220829T153631_R068_T18NUM_20220831T040644	B02
S2A_MSIL2A_20220829T153631_R068_T18NUM_20220831T040644	B03
S2A_MSIL2A_20220829T153631_R068_T18NUM_20220831T040644	B04
S2A_MSIL2A_20220829T153631_R068_T18NUM_20220831T040644	B05
S2A_MSIL2A_20220829T153631_R068_T18NUM_20220831T040644	B06
S2A_MSIL2A_20220829T153631_R068_T18NUM_20220831T040644	B07
S2A_MSIL2A_20220829T153631_R068_T18NUM_20220831T040644	B08
S2A_MSIL2A_20220829T153631_R068_T18NUM_20220831T040644	B11
S2A_MSIL2A_20220829T153631_R068_T18NUM_20220831T040644	B12
S2B_MSIL2A_20220715T153629_R068_T18NUL_20220716T023756	B08
S2B_MSIL2A_20220715T153629_R068_T18NUL_20220716T023756	B11
S2B_MSIL2A_20220715T153629_R068_T18NUL_20220716T023756	B12
S2B_MSIL2A_20220903T153619_R068_T18NTM_20220904T002922	B02
S2B_MSIL2A_20220903T153619_R068_T18NTM_20220904T002922	B03
S2B_MSIL2A_20220903T153619_R068_T18NTM_20220904T002922	B04
S2B_MSIL2A_20220903T153619_R068_T18NTM_20220904T002922	B05
S2B_MSIL2A_20220903T153619_R068_T18NTM_20220904T002922	B06
S2B_MSIL2A_20220903T153619_R068_T18NTM_20220904T002922	B07
S2B_MSIL2A_20220903T153619_R068_T18NTM_20220904T002922	B08
S2B_MSIL2A_20220903T153619_R068_T18NTM_20220904T002922	B11
S2B_MSIL2A_20220903T153619_R068_T18NTM_20220904T002922	B12
S2B_MSIL2A_20220923T153619_R068_T18NUL_20220924T053405	B02
S2B_MSIL2A_20220923T153619_R068_T18NUL_20220924T053405	B03
S2B_MSIL2A_20220923T153619_R068_T18NUL_20220924T053405	B04
S2B_MSIL2A_20220923T153619_R068_T18NUL_20220924T053405	B05
S2B_MSIL2A_20220923T153619_R068_T18NUL_20220924T053405	B06
S2B_MSIL2A_20220923T153619_R068_T18NUL_20220924T053405	B07
S2B_MSIL2A_20220923T153619_R068_T18NUL_20220924T053405	B08
S2B_MSIL2A_20220923T153619_R068_T18NUL_20220924T053405	B11
S2B_MSIL2A_20220923T153619_R068_T18NUL_20220924T053405	B12
S2B_MSIL2A_20230501T153619_R068_T18NUM_20230711T231332	B04
S2B_MSIL2A_20230501T153619_R068_T18NUM_20230711T231332	B05
S2B_MSIL2A_20230501T153619_R068_T18NUM_20230711T231332	B06
S2B_MSIL2A_20230501T153619_R068_T18NUM_20230711T231332	B07
S2B_MSIL2A_20230501T153619_R068_T18NUM_20230711T231332	B08
S2B_MSIL2A_20230501T153619_R068_T18NUM_20230711T231332	B11
S2B_MSIL2A_20230501T153619_R068_T18NUM_20230711T231332	B12
S2A_MSIL2A_20230317T153621_R068_T17NRB_20230317T232539	B04
S2A_MSIL2A_20230317T153621_R068_T17NRB_20230317T232539	B05
S2A_MSIL2A_20230317T153621_R068_T17NRB_20230317T232539	B06
S2A_MSIL2A_20230317T153621_R068_T17NRB_20230317T232539	B07
S2A_MSIL2A_20230317T153621_R068_T17NRB_20230317T232539	B08
S2A_MSIL2A_20230317T153621_R068_T17NRB_20230317T232539	B11
S2A_MSIL2A_20230317T153621_R068_T17NRB_20230317T232539	B12
S2B_MSIL2A_20220923T153619_R068_T17NRB_20220924T054714	B02
S2B_MSIL2A_20220923T153619_R068_T17NRB_20220924T054714	B03
S2B_MSIL2A_20220923T153619_R068_T17NRB_20220924T054714	B04
S2B_MSIL2A_20220923T153619_R068_T17NRB_20220924T054714	B05
S2B_MSIL2A_20220923T153619_R068_T17NRB_20220924T054714	B06
S2B_MSIL2A_20220923T153619_R068_T17NRB_20220924T054714	B07
S2B_MSIL2A_20220923T153619_R068_T17NRB_20220924T054714	B08
S2B_MSIL2A_20220923T153619_R068_T17NRB_20220924T054714	B11
S2B_MSIL2A_20220923T153619_R068_T17NRB_20220924T054714	B12
S2A_MSIL2A_20230317T153621_R068_T18NTJ_20230318T001919	B11
S2A_MSIL2A_20230317T153621_R068_T18NTJ_20230318T001919	B12
S2B_MSIL2A_20220923T153619_R068_T18NTJ_20220924T054630	B07
S2B_MSIL2A_20220923T153619_R068_T18NTJ_20220924T054630	B08
S2B_MSIL2A_20220923T153619_R068_T18NTJ_20220924T054630	B11
S2B_MSIL2A_20220923T153619_R068_T18NTJ_20220924T054630	B12
S2B_MSIL2A_20230501T153619_R068_T18NTJ_20230711T231132	B06
S2B_MSIL2A_20230501T153619_R068_T18NTJ_20230711T231132	B07
S2B_MSIL2A_20230501T153619_R068_T18NTJ_20230711T231132	B08
S2B_MSIL2A_20230501T153619_R068_T18NTJ_20230711T231132	B11
S2B_MSIL2A_20230501T153619_R068_T18NTJ_20230711T231132	B12
S2B_MSIL2A_20230511T153619_R068_T18NTJ_20230512T000123	B03
S2B_MSIL2A_20230511T153619_R068_T18NTJ_20230512T000123	B04
S2B_MSIL2A_20230511T153619_R068_T18NTJ_20230512T000123	B05
S2B_MSIL2A_20230511T153619_R068_T18NTJ_20230512T000123	B06
S2B_MSIL2A_20230511T153619_R068_T18NTJ_20230512T000123	B07
S2B_MSIL2A_20230511T153619_R068_T18NTJ_20230512T000123	B08
S2B_MSIL2A_20230511T153619_R068_T18NTJ_20230512T000123	B11
S2B_MSIL2A_20230511T153619_R068_T18NTJ_20230512T000123	B12
S2A_MSIL2A_20221105T145731_R039_T19MDS_20221106T034732	B05
S2A_MSIL2A_20221105T145731_R039_T19MDS_20221106T034732	B06
S2A_MSIL2A_20221105T145731_R039_T19MDS_20221106T034732	B07
S2A_MSIL2A_20221105T145731_R039_T19MDS_20221106T034732	B08
S2A_MSIL2A_20221105T145731_R039_T19MDS_20221106T034732	B11
S2A_MSIL2A_20221105T145731_R039_T19MDS_20221106T034732	B12
S2A_MSIL2A_20221105T145731_R039_T19NDA_20221106T040606	B03
S2A_MSIL2A_20221105T145731_R039_T19NDA_20221106T040606	B04
S2A_MSIL2A_20221105T145731_R039_T19NDA_20221106T040606	B05
S2A_MSIL2A_20221105T145731_R039_T19NDA_20221106T040606	B06
S2A_MSIL2A_20221105T145731_R039_T19NDA_20221106T040606	B07
S2A_MSIL2A_20221105T145731_R039_T19NDA_20221106T040606	B08
S2A_MSIL2A_20221105T145731_R039_T19NDA_20221106T040606	B11
S2A_MSIL2A_20221105T145731_R039_T19NDA_20221106T040606	B12
S2A_MSIL2A_20221105T145731_R039_T19NEB_20221106T030842	B02
S2A_MSIL2A_20221105T145731_R039_T19NEB_20221106T030842	B03
S2A_MSIL2A_20221105T145731_R039_T19NEB_20221106T030842	B04
S2A_MSIL2A_20221105T145731_R039_T19NEB_20221106T030842	B05
S2A_MSIL2A_20221105T145731_R039_T19NEB_20221106T030842	B06
S2A_MSIL2A_20221105T145731_R039_T19NEB_20221106T030842	B07
S2A_MSIL2A_20221105T145731_R039_T19NEB_20221106T030842	B08
S2A_MSIL2A_20221105T145731_R039_T19NEB_20221106T030842	B11
S2A_MSIL2A_20221105T145731_R039_T19NEB_20221106T030842	B12
S2A_MSIL2A_20221105T145731_R039_T19NFB_20221106T042951	B02
S2A_MSIL2A_20221105T145731_R039_T19NFB_20221106T042951	B03
S2A_MSIL2A_20221105T145731_R039_T19NFB_20221106T042951	B04
S2A_MSIL2A_20221105T145731_R039_T19NFB_20221106T042951	B05
S2A_MSIL2A_20221105T145731_R039_T19NFB_20221106T042951	B06
S2A_MSIL2A_20221105T145731_R039_T19NFB_20221106T042951	B07
S2A_MSIL2A_20221105T145731_R039_T19NFB_20221106T042951	B08
S2A_MSIL2A_20221105T145731_R039_T19NFB_20221106T042951	B11
S2A_MSIL2A_20221105T145731_R039_T19NFB_20221106T042951	B12
S2A_MSIL2A_20221108T150721_R082_T18MZC_20221109T112132	B05
S2A_MSIL2A_20221108T150721_R082_T18MZC_20221109T112132	B06
S2A_MSIL2A_20221108T150721_R082_T18MZC_20221109T112132	B07
S2A_MSIL2A_20221108T150721_R082_T18MZC_20221109T112132	B08
S2A_MSIL2A_20221108T150721_R082_T18MZC_20221109T112132	B11
S2A_MSIL2A_20221108T150721_R082_T18MZC_20221109T112132	B12
S2A_MSIL2A_20221108T150721_R082_T19MBT_20221109T110849	B07
S2A_MSIL2A_20221108T150721_R082_T19MBT_20221109T110849	B08
S2A_MSIL2A_20221108T150721_R082_T19MBT_20221109T110849	B11
S2A_MSIL2A_20221108T150721_R082_T19MBT_20221109T110849	B12
S2A_MSIL2A_20221108T150721_R082_T19MBU_20221109T121543	B05
S2A_MSIL2A_20221108T150721_R082_T19MBU_20221109T121543	B06
S2A_MSIL2A_20221108T150721_R082_T19MBU_20221109T121543	B07
S2A_MSIL2A_20221108T150721_R082_T19MBU_20221109T121543	B08
S2A_MSIL2A_20221108T150721_R082_T19MBU_20221109T121543	B11
S2A_MSIL2A_20221108T150721_R082_T19MBU_20221109T121543	B12
S2A_MSIL2A_20221108T150721_R082_T19MBV_20221109T120857	B04
S2A_MSIL2A_20221108T150721_R082_T19MBV_20221109T120857	B05
S2A_MSIL2A_20221108T150721_R082_T19MBV_20221109T120857	B06
S2A_MSIL2A_20221108T150721_R082_T19MBV_20221109T120857	B07
S2A_MSIL2A_20221108T150721_R082_T19MBV_20221109T120857	B08
S2A_MSIL2A_20221108T150721_R082_T19MBV_20221109T120857	B11
S2A_MSIL2A_20221108T150721_R082_T19MBV_20221109T120857	B12
S2A_MSIL2A_20221108T150721_R082_T19MCR_20221109T124740	B02
S2A_MSIL2A_20221108T150721_R082_T19MCR_20221109T124740	B03
S2A_MSIL2A_20221108T150721_R082_T19MCR_20221109T124740	B04
S2A_MSIL2A_20221108T150721_R082_T19MCR_20221109T124740	B05
S2A_MSIL2A_20221108T150721_R082_T19MCR_20221109T124740	B06
S2A_MSIL2A_20221108T150721_R082_T19MCR_20221109T124740	B07
S2A_MSIL2A_20221108T150721_R082_T19MCR_20221109T124740	B08
S2A_MSIL2A_20221108T150721_R082_T19MCR_20221109T124740	B11
S2A_MSIL2A_20221108T150721_R082_T19MCR_20221109T124740	B12
S2A_MSIL2A_20221108T150721_R082_T19MCU_20221109T115516	B04
S2A_MSIL2A_20221108T150721_R082_T19MCU_20221109T115516	B05
S2A_MSIL2A_20221108T150721_R082_T19MCU_20221109T115516	B06
S2A_MSIL2A_20221108T150721_R082_T19MCU_20221109T115516	B07
S2A_MSIL2A_20221108T150721_R082_T19MCU_20221109T115516	B08
S2A_MSIL2A_20221108T150721_R082_T19MCU_20221109T115516	B11
S2A_MSIL2A_20221108T150721_R082_T19MCU_20221109T115516	B12
S2A_MSIL2A_20221108T150721_R082_T19NCC_20221109T124845	B02
S2A_MSIL2A_20221108T150721_R082_T19NCC_20221109T124845	B03
S2A_MSIL2A_20221108T150721_R082_T19NCC_20221109T124845	B04
S2A_MSIL2A_20221108T150721_R082_T19NCC_20221109T124845	B05
S2A_MSIL2A_20221108T150721_R082_T19NCC_20221109T124845	B06
S2A_MSIL2A_20221108T150721_R082_T19NCC_20221109T124845	B07
S2A_MSIL2A_20221108T150721_R082_T19NCC_20221109T124845	B08
S2A_MSIL2A_20221108T150721_R082_T19NCC_20221109T124845	B11
S2A_MSIL2A_20221108T150721_R082_T19NCC_20221109T124845	B12
S2A_MSIL2A_20221121T151701_R125_T18MYE_20221122T013222	B02
S2A_MSIL2A_20221121T151701_R125_T18MYE_20221122T013222	B03
S2A_MSIL2A_20221121T151701_R125_T18MYE_20221122T013222	B04
S2A_MSIL2A_20221121T151701_R125_T18MYE_20221122T013222	B05
S2A_MSIL2A_20221121T151701_R125_T18MYE_20221122T013222	B06
S2A_MSIL2A_20221121T151701_R125_T18MYE_20221122T013222	B07
S2A_MSIL2A_20221121T151701_R125_T18MYE_20221122T013222	B08
S2A_MSIL2A_20221121T151701_R125_T18MYE_20221122T013222	B11
S2A_MSIL2A_20221121T151701_R125_T18MYE_20221122T013222	B12
S2A_MSIL2A_20221121T151701_R125_T18NYF_20221122T024935	B02
S2A_MSIL2A_20221121T151701_R125_T18NYF_20221122T024935	B03
S2A_MSIL2A_20221121T151701_R125_T18NYF_20221122T024935	B04
S2A_MSIL2A_20221121T151701_R125_T18NYF_20221122T024935	B05
S2A_MSIL2A_20221121T151701_R125_T18NYF_20221122T024935	B06
S2A_MSIL2A_20221121T151701_R125_T18NYF_20221122T024935	B07
S2A_MSIL2A_20221121T151701_R125_T18NYF_20221122T024935	B08
S2A_MSIL2A_20221121T151701_R125_T18NYF_20221122T024935	B11
S2A_MSIL2A_20221121T151701_R125_T18NYF_20221122T024935	B12
S2A_MSIL2A_20221121T151701_R125_T18NZG_20221122T021112	B02
S2A_MSIL2A_20221121T151701_R125_T18NZG_20221122T021112	B03
S2A_MSIL2A_20221121T151701_R125_T18NZG_20221122T021112	B04
S2A_MSIL2A_20221121T151701_R125_T18NZG_20221122T021112	B05
S2A_MSIL2A_20221121T151701_R125_T18NZG_20221122T021112	B06
S2A_MSIL2A_20221121T151701_R125_T18NZG_20221122T021112	B07
S2A_MSIL2A_20221121T151701_R125_T18NZG_20221122T021112	B08
S2A_MSIL2A_20221121T151701_R125_T18NZG_20221122T021112	B11
S2A_MSIL2A_20221121T151701_R125_T18NZG_20221122T021112	B12
S2A_MSIL2A_20221125T145731_R039_T19MCT_20221202T062101	B02
S2A_MSIL2A_20221125T145731_R039_T19MCT_20221202T062101	B03
S2A_MSIL2A_20221125T145731_R039_T19MCT_20221202T062101	B04
S2A_MSIL2A_20221125T145731_R039_T19MCT_20221202T062101	B05
S2A_MSIL2A_20221125T145731_R039_T19MCT_20221202T062101	B06
S2A_MSIL2A_20221125T145731_R039_T19MCT_20221202T062101	B07
S2A_MSIL2A_20221125T145731_R039_T19MCT_20221202T062101	B08
S2A_MSIL2A_20221125T145731_R039_T19MCT_20221202T062101	B11
S2A_MSIL2A_20221125T145731_R039_T19MCT_20221202T062101	B12
S2A_MSIL2A_20221125T145731_R039_T19MDT_20221202T124923	B02
S2A_MSIL2A_20221125T145731_R039_T19MDT_20221202T124923	B03
S2A_MSIL2A_20221125T145731_R039_T19MDT_20221202T124923	B04
S2A_MSIL2A_20221125T145731_R039_T19MDT_20221202T124923	B05
S2A_MSIL2A_20221125T145731_R039_T19MDT_20221202T124923	B06
S2A_MSIL2A_20221125T145731_R039_T19MDT_20221202T124923	B07
S2A_MSIL2A_20221125T145731_R039_T19MDT_20221202T124923	B08
S2A_MSIL2A_20221125T145731_R039_T19MDT_20221202T124923	B11
S2A_MSIL2A_20221125T145731_R039_T19MDT_20221202T124923	B12
S2A_MSIL2A_20221125T145731_R039_T19MDV_20221202T065300	B12
S2A_MSIL2A_20221125T145731_R039_T19NFD_20221202T093151	B05
S2A_MSIL2A_20221125T145731_R039_T19NFD_20221202T093151	B06
S2A_MSIL2A_20221125T145731_R039_T19NFD_20221202T093151	B07
S2A_MSIL2A_20221125T145731_R039_T19NFD_20221202T093151	B08
S2A_MSIL2A_20221125T145731_R039_T19NFD_20221202T093151	B11
S2A_MSIL2A_20221125T145731_R039_T19NFD_20221202T093151	B12
S2A_MSIL2A_20221201T151701_R125_T18MYC_20221203T124608	B02
S2A_MSIL2A_20221201T151701_R125_T18MYC_20221203T124608	B03
S2A_MSIL2A_20221201T151701_R125_T18MYC_20221203T124608	B04
S2A_MSIL2A_20221201T151701_R125_T18MYC_20221203T124608	B05
S2A_MSIL2A_20221201T151701_R125_T18MYC_20221203T124608	B06
S2A_MSIL2A_20221201T151701_R125_T18MYC_20221203T124608	B07
S2A_MSIL2A_20221201T151701_R125_T18MYC_20221203T124608	B08
S2A_MSIL2A_20221201T151701_R125_T18MYC_20221203T124608	B11
S2A_MSIL2A_20221201T151701_R125_T18MYC_20221203T124608	B12
S2A_MSIL2A_20221205T145731_R039_T19MCU_20221206T062448	B02
S2A_MSIL2A_20221205T145731_R039_T19MCU_20221206T062448	B03
S2A_MSIL2A_20221205T145731_R039_T19MCU_20221206T062448	B04
S2A_MSIL2A_20221205T145731_R039_T19MCU_20221206T062448	B05
S2A_MSIL2A_20221205T145731_R039_T19MCU_20221206T062448	B06
S2A_MSIL2A_20221205T145731_R039_T19MCU_20221206T062448	B07
S2A_MSIL2A_20221205T145731_R039_T19MCU_20221206T062448	B08
S2A_MSIL2A_20221205T145731_R039_T19MCU_20221206T062448	B11
S2A_MSIL2A_20221205T145731_R039_T19MCU_20221206T062448	B12
S2A_MSIL2A_20221205T145731_R039_T19MDU_20221206T064847	B05
S2A_MSIL2A_20221205T145731_R039_T19MDU_20221206T064847	B06
S2A_MSIL2A_20221205T145731_R039_T19MDU_20221206T064847	B07
S2A_MSIL2A_20221205T145731_R039_T19MDU_20221206T064847	B08
S2A_MSIL2A_20221205T145731_R039_T19MDU_20221206T064847	B11
S2A_MSIL2A_20221205T145731_R039_T19MDU_20221206T064847	B12
S2A_MSIL2A_20221205T145731_R039_T19NDB_20221206T062111	B07
S2A_MSIL2A_20221205T145731_R039_T19NDB_20221206T062111	B08
S2A_MSIL2A_20221205T145731_R039_T19NDB_20221206T062111	B11
S2A_MSIL2A_20221205T145731_R039_T19NDB_20221206T062111	B12
S2A_MSIL2A_20221205T145731_R039_T19NFB_20221206T045416	B03
S2A_MSIL2A_20221205T145731_R039_T19NFB_20221206T045416	B04
S2A_MSIL2A_20221205T145731_R039_T19NFB_20221206T045416	B05
S2A_MSIL2A_20221205T145731_R039_T19NFB_20221206T045416	B06
S2A_MSIL2A_20221205T145731_R039_T19NFB_20221206T045416	B07
S2A_MSIL2A_20221205T145731_R039_T19NFB_20221206T045416	B08
S2A_MSIL2A_20221205T145731_R039_T19NFB_20221206T045416	B11
S2A_MSIL2A_20221205T145731_R039_T19NFB_20221206T045416	B12
S2A_MSIL2A_20221205T145731_R039_T19NFC_20221206T050625	B02
S2A_MSIL2A_20221205T145731_R039_T19NFC_20221206T050625	B03
S2A_MSIL2A_20221205T145731_R039_T19NFC_20221206T050625	B04
S2A_MSIL2A_20221205T145731_R039_T19NFC_20221206T050625	B05
S2A_MSIL2A_20221205T145731_R039_T19NFC_20221206T050625	B06
S2A_MSIL2A_20221205T145731_R039_T19NFC_20221206T050625	B07
S2A_MSIL2A_20221205T145731_R039_T19NFC_20221206T050625	B08
S2A_MSIL2A_20221205T145731_R039_T19NFC_20221206T050625	B11
S2A_MSIL2A_20221205T145731_R039_T19NFC_20221206T050625	B12
S2A_MSIL2A_20221205T145731_R039_T19NGC_20221206T043913	B02
S2A_MSIL2A_20221205T145731_R039_T19NGC_20221206T043913	B03
S2A_MSIL2A_20221205T145731_R039_T19NGC_20221206T043913	B04
S2A_MSIL2A_20221205T145731_R039_T19NGC_20221206T043913	B05
S2A_MSIL2A_20221205T145731_R039_T19NGC_20221206T043913	B06
S2A_MSIL2A_20221205T145731_R039_T19NGC_20221206T043913	B07
S2A_MSIL2A_20221205T145731_R039_T19NGC_20221206T043913	B08
S2A_MSIL2A_20221205T145731_R039_T19NGC_20221206T043913	B11
S2A_MSIL2A_20221205T145731_R039_T19NGC_20221206T043913	B12
S2A_MSIL2A_20221208T150721_R082_T18MYC_20221209T135056	B02
S2A_MSIL2A_20221208T150721_R082_T18MYC_20221209T135056	B03
S2A_MSIL2A_20221208T150721_R082_T18MYC_20221209T135056	B04
S2A_MSIL2A_20221208T150721_R082_T18MYC_20221209T135056	B05
S2A_MSIL2A_20221208T150721_R082_T18MYC_20221209T135056	B06
S2A_MSIL2A_20221208T150721_R082_T18MYC_20221209T135056	B07
S2A_MSIL2A_20221208T150721_R082_T18MYC_20221209T135056	B08
S2A_MSIL2A_20221208T150721_R082_T18MYC_20221209T135056	B11
S2A_MSIL2A_20221208T150721_R082_T18MYC_20221209T135056	B12
S2A_MSIL2A_20221208T150721_R082_T18NZG_20221209T140104	B05
S2A_MSIL2A_20221208T150721_R082_T18NZG_20221209T140104	B06
S2A_MSIL2A_20221208T150721_R082_T18NZG_20221209T140104	B07
S2A_MSIL2A_20221208T150721_R082_T18NZG_20221209T140104	B08
S2A_MSIL2A_20221208T150721_R082_T18NZG_20221209T140104	B11
S2A_MSIL2A_20221208T150721_R082_T19MCU_20221209T133320	B02
S2A_MSIL2A_20221208T150721_R082_T19MCU_20221209T133320	B03
S2A_MSIL2A_20221208T150721_R082_T19MCU_20221209T133320	B04
S2A_MSIL2A_20221208T150721_R082_T19MCU_20221209T133320	B05
S2A_MSIL2A_20221208T150721_R082_T19MCU_20221209T133320	B06
S2A_MSIL2A_20221208T150721_R082_T19MCU_20221209T133320	B07
S2A_MSIL2A_20221208T150721_R082_T19MCU_20221209T133320	B08
S2A_MSIL2A_20221208T150721_R082_T19MCU_20221209T133320	B11
S2A_MSIL2A_20221208T150721_R082_T19MCU_20221209T133320	B12
S2A_MSIL2A_20221208T150721_R082_T19NBA_20221209T122725	B03
S2A_MSIL2A_20221208T150721_R082_T19NBA_20221209T122725	B04
S2A_MSIL2A_20221208T150721_R082_T19NBA_20221209T122725	B05
S2A_MSIL2A_20221208T150721_R082_T19NBA_20221209T122725	B06
S2A_MSIL2A_20221208T150721_R082_T19NBA_20221209T122725	B07
S2A_MSIL2A_20221208T150721_R082_T19NBA_20221209T122725	B08
S2A_MSIL2A_20221208T150721_R082_T19NBA_20221209T122725	B11
S2A_MSIL2A_20221208T150721_R082_T19NBA_20221209T122725	B12
S2A_MSIL2A_20221208T150721_R082_T19NCA_20221209T122518	B05
S2A_MSIL2A_20221208T150721_R082_T19NCA_20221209T122518	B06
S2A_MSIL2A_20221208T150721_R082_T19NCA_20221209T122518	B07
S2A_MSIL2A_20221208T150721_R082_T19NCA_20221209T122518	B08
S2A_MSIL2A_20221208T150721_R082_T19NCA_20221209T122518	B11
S2A_MSIL2A_20221208T150721_R082_T19NCA_20221209T122518	B12
S2A_MSIL2A_20221211T151701_R125_T18MYE_20221212T093333	B03
S2A_MSIL2A_20221211T151701_R125_T18MYE_20221212T093333	B04
S2A_MSIL2A_20221211T151701_R125_T18MYE_20221212T093333	B05
S2A_MSIL2A_20221211T151701_R125_T18MYE_20221212T093333	B06
S2A_MSIL2A_20221211T151701_R125_T18MYE_20221212T093333	B07
S2A_MSIL2A_20221211T151701_R125_T18MYE_20221212T093333	B08
S2A_MSIL2A_20221211T151701_R125_T18MYE_20221212T093333	B11
S2A_MSIL2A_20221211T151701_R125_T18MZD_20221212T092116	B07
S2A_MSIL2A_20221211T151701_R125_T18MZD_20221212T092116	B08
S2A_MSIL2A_20221211T151701_R125_T18MZD_20221212T092116	B11
S2A_MSIL2A_20221211T151701_R125_T18MZD_20221212T092116	B12
S2A_MSIL2A_20221215T145731_R039_T19NDA_20221216T075816	B12
S2A_MSIL2A_20221215T145731_R039_T19NDC_20221216T064531	B04
S2A_MSIL2A_20221215T145731_R039_T19NDC_20221216T064531	B05
S2A_MSIL2A_20221215T145731_R039_T19NDC_20221216T064531	B06
S2A_MSIL2A_20221215T145731_R039_T19NDC_20221216T064531	B07
S2A_MSIL2A_20221215T145731_R039_T19NDC_20221216T064531	B08
S2A_MSIL2A_20221215T145731_R039_T19NDC_20221216T064531	B11
S2A_MSIL2A_20221215T145731_R039_T19NDC_20221216T064531	B12
S2A_MSIL2A_20221215T145731_R039_T19NFD_20221216T070749	B05
S2A_MSIL2A_20221215T145731_R039_T19NFD_20221216T070749	B06
S2A_MSIL2A_20221215T145731_R039_T19NFD_20221216T070749	B07
S2A_MSIL2A_20221215T145731_R039_T19NFD_20221216T070749	B08
S2A_MSIL2A_20221215T145731_R039_T19NFD_20221216T070749	B11
S2A_MSIL2A_20221215T145731_R039_T19NFD_20221216T070749	B12
S2A_MSIL2A_20221215T145731_R039_T19NGC_20221216T054646	B02
S2A_MSIL2A_20221215T145731_R039_T19NGC_20221216T054646	B03
S2A_MSIL2A_20221215T145731_R039_T19NGC_20221216T054646	B04
S2A_MSIL2A_20221215T145731_R039_T19NGC_20221216T054646	B05
S2A_MSIL2A_20221215T145731_R039_T19NGC_20221216T054646	B06
S2A_MSIL2A_20221215T145731_R039_T19NGC_20221216T054646	B07
S2A_MSIL2A_20221215T145731_R039_T19NGC_20221216T054646	B08
S2A_MSIL2A_20221215T145731_R039_T19NGC_20221216T054646	B11
S2A_MSIL2A_20221215T145731_R039_T19NGC_20221216T054646	B12
S2A_MSIL2A_20221218T150721_R082_T18NZG_20221219T113521	B05
S2A_MSIL2A_20221218T150721_R082_T18NZG_20221219T113521	B06
S2A_MSIL2A_20221218T150721_R082_T18NZG_20221219T113521	B07
S2A_MSIL2A_20221218T150721_R082_T18NZG_20221219T113521	B08
S2A_MSIL2A_20221218T150721_R082_T18NZG_20221219T113521	B11
S2A_MSIL2A_20221218T150721_R082_T18NZG_20221219T113521	B12
S2A_MSIL2A_20221218T150721_R082_T18NZJ_20221219T101854	B12
S2A_MSIL2A_20221218T150721_R082_T19NCD_20221219T094435	B03
S2A_MSIL2A_20221218T150721_R082_T19NCD_20221219T094435	B04
S2A_MSIL2A_20221218T150721_R082_T19NCD_20221219T094435	B05
S2A_MSIL2A_20221218T150721_R082_T19NCD_20221219T094435	B06
S2A_MSIL2A_20221218T150721_R082_T19NCD_20221219T094435	B07
S2A_MSIL2A_20221218T150721_R082_T19NCD_20221219T094435	B08
S2A_MSIL2A_20221218T150721_R082_T19NCD_20221219T094435	B11
S2A_MSIL2A_20221218T150721_R082_T19NCD_20221219T094435	B12
S2A_MSIL2A_20221218T150721_R082_T19NDB_20221219T102014	B02
S2A_MSIL2A_20221218T150721_R082_T19NDB_20221219T102014	B03
S2A_MSIL2A_20221218T150721_R082_T19NDB_20221219T102014	B04
S2A_MSIL2A_20221218T150721_R082_T19NDB_20221219T102014	B05
S2A_MSIL2A_20221218T150721_R082_T19NDB_20221219T102014	B06
S2A_MSIL2A_20221218T150721_R082_T19NDB_20221219T102014	B07
S2A_MSIL2A_20221218T150721_R082_T19NDB_20221219T102014	B08
S2A_MSIL2A_20221218T150721_R082_T19NDB_20221219T102014	B11
S2A_MSIL2A_20221218T150721_R082_T19NDB_20221219T102014	B12
S2A_MSIL2A_20221225T145721_R039_T19MDU_20221226T111409	B12
S2A_MSIL2A_20221228T150721_R082_T18NZG_20221230T024057	B12
S2A_MSIL2A_20221228T150721_R082_T19NDB_20221230T011537	B02
S2A_MSIL2A_20221228T150721_R082_T19NDB_20221230T011537	B03
S2A_MSIL2A_20221228T150721_R082_T19NDB_20221230T011537	B04
S2A_MSIL2A_20221228T150721_R082_T19NDB_20221230T011537	B05
S2A_MSIL2A_20221228T150721_R082_T19NDB_20221230T011537	B06
S2A_MSIL2A_20221228T150721_R082_T19NDB_20221230T011537	B07
S2A_MSIL2A_20221228T150721_R082_T19NDB_20221230T011537	B08
S2A_MSIL2A_20221228T150721_R082_T19NDB_20221230T011537	B11
S2A_MSIL2A_20221228T150721_R082_T19NDB_20221230T011537	B12
S2A_MSIL2A_20221228T150721_R082_T19NDD_20221230T005918	B05
S2A_MSIL2A_20221228T150721_R082_T19NDD_20221230T005918	B06
S2A_MSIL2A_20221228T150721_R082_T19NDD_20221230T005918	B07
S2A_MSIL2A_20221228T150721_R082_T19NDD_20221230T005918	B08
S2A_MSIL2A_20221228T150721_R082_T19NDD_20221230T005918	B11
S2A_MSIL2A_20221228T150721_R082_T19NDD_20221230T005918	B12
S2A_MSIL2A_20221231T151701_R125_T19NBC_20230101T121100	B05
S2A_MSIL2A_20221231T151701_R125_T19NBC_20230101T121100	B06
S2A_MSIL2A_20221231T151701_R125_T19NBC_20230101T121100	B07
S2A_MSIL2A_20221231T151701_R125_T19NBC_20230101T121100	B08
S2A_MSIL2A_20221231T151701_R125_T19NBC_20230101T121100	B11
S2A_MSIL2A_20221231T151701_R125_T19NBC_20230101T121100	B12
S2A_MSIL2A_20230104T145721_R039_T19MCR_20230105T034246	B12
S2A_MSIL2A_20230104T145721_R039_T19MDT_20230105T034814	B02
S2A_MSIL2A_20230104T145721_R039_T19MDT_20230105T034814	B03
S2A_MSIL2A_20230104T145721_R039_T19MDT_20230105T034814	B04
S2A_MSIL2A_20230104T145721_R039_T19MDT_20230105T034814	B05
S2A_MSIL2A_20230104T145721_R039_T19MDT_20230105T034814	B06
S2A_MSIL2A_20230104T145721_R039_T19MDT_20230105T034814	B07
S2A_MSIL2A_20230104T145721_R039_T19MDT_20230105T034814	B08
S2A_MSIL2A_20230104T145721_R039_T19MDT_20230105T034814	B11
S2A_MSIL2A_20230104T145721_R039_T19MDT_20230105T034814	B12
S2A_MSIL2A_20230104T145721_R039_T19NDA_20230105T052535	B04
S2A_MSIL2A_20230104T145721_R039_T19NDA_20230105T052535	B05
S2A_MSIL2A_20230104T145721_R039_T19NDA_20230105T052535	B06
S2A_MSIL2A_20230104T145721_R039_T19NDA_20230105T052535	B07
S2A_MSIL2A_20230104T145721_R039_T19NDA_20230105T052535	B08
S2A_MSIL2A_20230104T145721_R039_T19NDA_20230105T052535	B11
S2A_MSIL2A_20230104T145721_R039_T19NDA_20230105T052535	B12
S2A_MSIL2A_20230104T145721_R039_T19NEB_20230105T053809	B06
S2A_MSIL2A_20230104T145721_R039_T19NEB_20230105T053809	B07
S2A_MSIL2A_20230104T145721_R039_T19NEB_20230105T053809	B08
S2A_MSIL2A_20230104T145721_R039_T19NEB_20230105T053809	B11
S2A_MSIL2A_20230104T145721_R039_T19NEB_20230105T053809	B12
S2A_MSIL2A_20230110T151701_R125_T18MYC_20230111T105613	B06
S2A_MSIL2A_20230110T151701_R125_T18MYC_20230111T105613	B07
S2A_MSIL2A_20230110T151701_R125_T18MYC_20230111T105613	B08
S2A_MSIL2A_20230110T151701_R125_T18MYC_20230111T105613	B11
S2A_MSIL2A_20230110T151701_R125_T18MYC_20230111T105613	B12
S2A_MSIL2A_20230120T151701_R125_T19NBB_20230122T084555	B02
S2A_MSIL2A_20230120T151701_R125_T19NBB_20230122T084555	B03
S2A_MSIL2A_20230120T151701_R125_T19NBB_20230122T084555	B04
S2A_MSIL2A_20230120T151701_R125_T19NBB_20230122T084555	B05
S2A_MSIL2A_20230120T151701_R125_T19NBB_20230122T084555	B06
S2A_MSIL2A_20230120T151701_R125_T19NBB_20230122T084555	B07
S2A_MSIL2A_20230120T151701_R125_T19NBB_20230122T084555	B08
S2A_MSIL2A_20230120T151701_R125_T19NBB_20230122T084555	B11
S2A_MSIL2A_20230120T151701_R125_T19NBB_20230122T084555	B12
S2A_MSIL2A_20230124T145721_R039_T19MDT_20230126T020700	B08
S2A_MSIL2A_20230124T145721_R039_T19MDT_20230126T020700	B11
S2A_MSIL2A_20230124T145721_R039_T19MDT_20230126T020700	B12
S2A_MSIL2A_20230124T145721_R039_T19MDU_20230126T004153	B05
S2A_MSIL2A_20230124T145721_R039_T19MDU_20230126T004153	B06
S2A_MSIL2A_20230124T145721_R039_T19MDU_20230126T004153	B07
S2A_MSIL2A_20230124T145721_R039_T19MDU_20230126T004153	B08
S2A_MSIL2A_20230124T145721_R039_T19MDU_20230126T004153	B11
S2A_MSIL2A_20230124T145721_R039_T19MDU_20230126T004153	B12
S2A_MSIL2A_20230124T145721_R039_T19NEB_20230126T022231	B02
S2A_MSIL2A_20230124T145721_R039_T19NEB_20230126T022231	B03
S2A_MSIL2A_20230124T145721_R039_T19NEB_20230126T022231	B04
S2A_MSIL2A_20230124T145721_R039_T19NEB_20230126T022231	B05
S2A_MSIL2A_20230124T145721_R039_T19NEB_20230126T022231	B06
S2A_MSIL2A_20230124T145721_R039_T19NEB_20230126T022231	B07
S2A_MSIL2A_20230124T145721_R039_T19NEB_20230126T022231	B08
S2A_MSIL2A_20230124T145721_R039_T19NEB_20230126T022231	B11
S2A_MSIL2A_20230124T145721_R039_T19NEB_20230126T022231	B12
S2A_MSIL2A_20230124T145721_R039_T19NFB_20230126T022331	B07
S2A_MSIL2A_20230124T145721_R039_T19NFB_20230126T022331	B08
S2A_MSIL2A_20230124T145721_R039_T19NFB_20230126T022331	B11
S2A_MSIL2A_20230124T145721_R039_T19NFB_20230126T022331	B12
S2A_MSIL2A_20230127T150721_R082_T18MZC_20230128T221630	B11
S2A_MSIL2A_20230127T150721_R082_T18MZC_20230128T221630	B12
S2A_MSIL2A_20230127T150721_R082_T19MBV_20230128T230001	B03
S2A_MSIL2A_20230127T150721_R082_T19MBV_20230128T230001	B04
S2A_MSIL2A_20230127T150721_R082_T19MBV_20230128T230001	B05
S2A_MSIL2A_20230127T150721_R082_T19MBV_20230128T230001	B06
S2A_MSIL2A_20230127T150721_R082_T19MBV_20230128T230001	B07
S2A_MSIL2A_20230127T150721_R082_T19MBV_20230128T230001	B08
S2A_MSIL2A_20230127T150721_R082_T19MBV_20230128T230001	B11
S2A_MSIL2A_20230127T150721_R082_T19MBV_20230128T230001	B12
S2A_MSIL2A_20230127T150721_R082_T19MCR_20230128T222133	B12
S2A_MSIL2A_20230127T150721_R082_T19NBA_20230128T233513	B04
S2A_MSIL2A_20230127T150721_R082_T19NBA_20230128T233513	B05
S2A_MSIL2A_20230127T150721_R082_T19NBA_20230128T233513	B06
S2A_MSIL2A_20230127T150721_R082_T19NBA_20230128T233513	B07
S2A_MSIL2A_20230127T150721_R082_T19NBA_20230128T233513	B08
S2A_MSIL2A_20230127T150721_R082_T19NBA_20230128T233513	B11
S2A_MSIL2A_20230127T150721_R082_T19NBA_20230128T233513	B12
S2A_MSIL2A_20230127T150721_R082_T19NBC_20230128T230850	B06
S2A_MSIL2A_20230127T150721_R082_T19NBC_20230128T230850	B07
S2A_MSIL2A_20230127T150721_R082_T19NBC_20230128T230850	B08
S2A_MSIL2A_20230127T150721_R082_T19NBC_20230128T230850	B11
S2A_MSIL2A_20230127T150721_R082_T19NBC_20230128T230850	B12
S2A_MSIL2A_20230127T150721_R082_T19NCD_20230128T222546	B08
S2A_MSIL2A_20230127T150721_R082_T19NCD_20230128T222546	B11
S2A_MSIL2A_20230127T150721_R082_T19NCD_20230128T222546	B12
S2A_MSIL2A_20230219T151701_R125_T18NYF_20230221T081242	B05
S2A_MSIL2A_20230219T151701_R125_T18NYF_20230221T081242	B06
S2A_MSIL2A_20230219T151701_R125_T18NYF_20230221T081242	B07
S2A_MSIL2A_20230219T151701_R125_T18NYF_20230221T081242	B08
S2A_MSIL2A_20230219T151701_R125_T18NYF_20230221T081242	B11
S2A_MSIL2A_20230219T151701_R125_T18NYF_20230221T081242	B12
S2A_MSIL2A_20230219T151701_R125_T18NZF_20230221T094136	B05
S2A_MSIL2A_20230219T151701_R125_T18NZF_20230221T094136	B06
S2A_MSIL2A_20230219T151701_R125_T18NZF_20230221T094136	B07
S2A_MSIL2A_20230219T151701_R125_T18NZF_20230221T094136	B08
S2A_MSIL2A_20230219T151701_R125_T18NZF_20230221T094136	B11
S2A_MSIL2A_20230219T151701_R125_T18NZF_20230221T094136	B12
S2A_MSIL2A_20230226T150721_R082_T19NCD_20230228T132834	B02
S2A_MSIL2A_20230226T150721_R082_T19NCD_20230228T132834	B03
S2A_MSIL2A_20230226T150721_R082_T19NCD_20230228T132834	B04
S2A_MSIL2A_20230226T150721_R082_T19NCD_20230228T132834	B05
S2A_MSIL2A_20230226T150721_R082_T19NCD_20230228T132834	B06
S2A_MSIL2A_20230226T150721_R082_T19NCD_20230228T132834	B07
S2A_MSIL2A_20230226T150721_R082_T19NCD_20230228T132834	B08
S2A_MSIL2A_20230226T150721_R082_T19NCD_20230228T132834	B11
S2A_MSIL2A_20230226T150721_R082_T19NCD_20230228T132834	B12
S2A_MSIL2A_20230226T150721_R082_T19NED_20230228T141540	B02
S2A_MSIL2A_20230226T150721_R082_T19NED_20230228T141540	B03
S2A_MSIL2A_20230226T150721_R082_T19NED_20230228T141540	B04
S2A_MSIL2A_20230226T150721_R082_T19NED_20230228T141540	B05
S2A_MSIL2A_20230226T150721_R082_T19NED_20230228T141540	B06
S2A_MSIL2A_20230226T150721_R082_T19NED_20230228T141540	B07
S2A_MSIL2A_20230226T150721_R082_T19NED_20230228T141540	B08
S2A_MSIL2A_20230226T150721_R082_T19NED_20230228T141540	B11
S2A_MSIL2A_20230226T150721_R082_T19NED_20230228T141540	B12
S2B_MSIL2A_20221103T150719_R082_T19MBR_20221104T074352	B05
S2B_MSIL2A_20221103T150719_R082_T19MBR_20221104T074352	B06
S2B_MSIL2A_20221103T150719_R082_T19MBR_20221104T074352	B07
S2B_MSIL2A_20221103T150719_R082_T19MBR_20221104T074352	B08
S2B_MSIL2A_20221103T150719_R082_T19MBR_20221104T074352	B11
S2B_MSIL2A_20221103T150719_R082_T19MBR_20221104T074352	B12
S2B_MSIL2A_20221106T151659_R125_T18MYE_20221107T193407	B11
S2B_MSIL2A_20221106T151659_R125_T18MYE_20221107T193407	B12
S2B_MSIL2A_20221106T151659_R125_T18MZD_20221107T153541	B02
S2B_MSIL2A_20221106T151659_R125_T18MZD_20221107T153541	B03
S2B_MSIL2A_20221106T151659_R125_T18MZD_20221107T153541	B04
S2B_MSIL2A_20221106T151659_R125_T18MZD_20221107T153541	B05
S2B_MSIL2A_20221106T151659_R125_T18MZD_20221107T153541	B06
S2B_MSIL2A_20221106T151659_R125_T18MZD_20221107T153541	B07
S2B_MSIL2A_20221106T151659_R125_T18MZD_20221107T153541	B08
S2B_MSIL2A_20221106T151659_R125_T18MZD_20221107T153541	B11
S2B_MSIL2A_20221106T151659_R125_T18MZD_20221107T153541	B12
S2B_MSIL2A_20221110T145729_R039_T19MCS_20221112T021308	B03
S2B_MSIL2A_20221110T145729_R039_T19MCS_20221112T021308	B04
S2B_MSIL2A_20221110T145729_R039_T19MCS_20221112T021308	B05
S2B_MSIL2A_20221110T145729_R039_T19MCS_20221112T021308	B06
S2B_MSIL2A_20221110T145729_R039_T19MCS_20221112T021308	B07
S2B_MSIL2A_20221110T145729_R039_T19MCS_20221112T021308	B08
S2B_MSIL2A_20221110T145729_R039_T19MCS_20221112T021308	B11
S2B_MSIL2A_20221110T145729_R039_T19MCS_20221112T021308	B12
S2B_MSIL2A_20221110T145729_R039_T19MCT_20221112T032853	B02
S2B_MSIL2A_20221110T145729_R039_T19MCT_20221112T032853	B03
S2B_MSIL2A_20221110T145729_R039_T19MCT_20221112T032853	B04
S2B_MSIL2A_20221110T145729_R039_T19MCT_20221112T032853	B05
S2B_MSIL2A_20221110T145729_R039_T19MCT_20221112T032853	B06
S2B_MSIL2A_20221110T145729_R039_T19MCT_20221112T032853	B07
S2B_MSIL2A_20221110T145729_R039_T19MCT_20221112T032853	B08
S2B_MSIL2A_20221110T145729_R039_T19MCT_20221112T032853	B11
S2B_MSIL2A_20221110T145729_R039_T19MCT_20221112T032853	B12
S2B_MSIL2A_20221110T145729_R039_T19MDS_20221112T011200	B02
S2B_MSIL2A_20221110T145729_R039_T19MDS_20221112T011200	B03
S2B_MSIL2A_20221110T145729_R039_T19MDS_20221112T011200	B04
S2B_MSIL2A_20221110T145729_R039_T19MDS_20221112T011200	B05
S2B_MSIL2A_20221110T145729_R039_T19MDS_20221112T011200	B06
S2B_MSIL2A_20221110T145729_R039_T19MDS_20221112T011200	B07
S2B_MSIL2A_20221110T145729_R039_T19MDS_20221112T011200	B08
S2B_MSIL2A_20221110T145729_R039_T19MDS_20221112T011200	B11
S2B_MSIL2A_20221110T145729_R039_T19MDS_20221112T011200	B12
S2B_MSIL2A_20221110T145729_R039_T19MDU_20221112T032256	B03
S2B_MSIL2A_20221110T145729_R039_T19MDU_20221112T032256	B04
S2B_MSIL2A_20221110T145729_R039_T19MDU_20221112T032256	B05
S2B_MSIL2A_20221110T145729_R039_T19MDU_20221112T032256	B06
S2B_MSIL2A_20221110T145729_R039_T19MDU_20221112T032256	B07
S2B_MSIL2A_20221110T145729_R039_T19MDU_20221112T032256	B08
S2B_MSIL2A_20221110T145729_R039_T19MDU_20221112T032256	B11
S2B_MSIL2A_20221110T145729_R039_T19MDU_20221112T032256	B12
S2B_MSIL2A_20221110T145729_R039_T19NFC_20221112T014423	B11
S2B_MSIL2A_20221110T145729_R039_T19NFC_20221112T014423	B12
S2B_MSIL2A_20221113T150719_R082_T18MYD_20221114T124205	B02
S2B_MSIL2A_20221113T150719_R082_T18MYD_20221114T124205	B03
S2B_MSIL2A_20221113T150719_R082_T18MYD_20221114T124205	B04
S2B_MSIL2A_20221113T150719_R082_T18MYD_20221114T124205	B05
S2B_MSIL2A_20221113T150719_R082_T18MYD_20221114T124205	B06
S2B_MSIL2A_20221113T150719_R082_T18MYD_20221114T124205	B07
S2B_MSIL2A_20221113T150719_R082_T18MYD_20221114T124205	B08
S2B_MSIL2A_20221113T150719_R082_T18MYD_20221114T124205	B11
S2B_MSIL2A_20221113T150719_R082_T18MYD_20221114T124205	B12
S2B_MSIL2A_20221113T150719_R082_T18MZD_20221114T092155	B02
S2B_MSIL2A_20221113T150719_R082_T18MZD_20221114T092155	B03
S2B_MSIL2A_20221113T150719_R082_T18MZD_20221114T092155	B04
S2B_MSIL2A_20221113T150719_R082_T18MZD_20221114T092155	B05
S2B_MSIL2A_20221113T150719_R082_T18MZD_20221114T092155	B06
S2B_MSIL2A_20221113T150719_R082_T18MZD_20221114T092155	B07
S2B_MSIL2A_20221113T150719_R082_T18MZD_20221114T092155	B08
S2B_MSIL2A_20221113T150719_R082_T18MZD_20221114T092155	B11
S2B_MSIL2A_20221113T150719_R082_T18MZD_20221114T092155	B12
S2B_MSIL2A_20221113T150719_R082_T19MBR_20221114T122136	B04
S2B_MSIL2A_20221113T150719_R082_T19MBR_20221114T122136	B05
S2B_MSIL2A_20221113T150719_R082_T19MBR_20221114T122136	B06
S2B_MSIL2A_20221113T150719_R082_T19MBR_20221114T122136	B07
S2B_MSIL2A_20221113T150719_R082_T19MBR_20221114T122136	B08
S2B_MSIL2A_20221113T150719_R082_T19MBR_20221114T122136	B11
S2B_MSIL2A_20221113T150719_R082_T19MBR_20221114T122136	B12
S2B_MSIL2A_20221113T150719_R082_T19MBT_20221114T101043	B02
S2B_MSIL2A_20221113T150719_R082_T19MBT_20221114T101043	B03
S2B_MSIL2A_20221113T150719_R082_T19MBT_20221114T101043	B04
S2B_MSIL2A_20221113T150719_R082_T19MBT_20221114T101043	B05
S2B_MSIL2A_20221113T150719_R082_T19MBT_20221114T101043	B06
S2B_MSIL2A_20221113T150719_R082_T19MBT_20221114T101043	B07
S2B_MSIL2A_20221113T150719_R082_T19MBT_20221114T101043	B08
S2B_MSIL2A_20221113T150719_R082_T19MBT_20221114T101043	B11
S2B_MSIL2A_20221113T150719_R082_T19MBT_20221114T101043	B12
S2B_MSIL2A_20221120T145729_R039_T19MDR_20221121T004123	B02
S2B_MSIL2A_20221120T145729_R039_T19MDR_20221121T004123	B03
S2B_MSIL2A_20221120T145729_R039_T19MDR_20221121T004123	B04
S2B_MSIL2A_20221120T145729_R039_T19MDR_20221121T004123	B05
S2B_MSIL2A_20221120T145729_R039_T19MDR_20221121T004123	B06
S2B_MSIL2A_20221120T145729_R039_T19MDR_20221121T004123	B07
S2B_MSIL2A_20221120T145729_R039_T19MDR_20221121T004123	B08
S2B_MSIL2A_20221120T145729_R039_T19MDR_20221121T004123	B11
S2B_MSIL2A_20221120T145729_R039_T19MDR_20221121T004123	B12
S2B_MSIL2A_20221120T145729_R039_T19MDT_20221121T012513	B02
S2B_MSIL2A_20221120T145729_R039_T19MDT_20221121T012513	B03
S2B_MSIL2A_20221120T145729_R039_T19MDT_20221121T012513	B04
S2B_MSIL2A_20221120T145729_R039_T19MDT_20221121T012513	B05
S2B_MSIL2A_20221120T145729_R039_T19MDT_20221121T012513	B06
S2B_MSIL2A_20221120T145729_R039_T19MDT_20221121T012513	B07
S2B_MSIL2A_20221120T145729_R039_T19MDT_20221121T012513	B08
S2B_MSIL2A_20221120T145729_R039_T19MDT_20221121T012513	B11
S2B_MSIL2A_20221120T145729_R039_T19MDT_20221121T012513	B12
S2B_MSIL2A_20221120T145729_R039_T19NDA_20221121T011514	B04
S2B_MSIL2A_20221120T145729_R039_T19NDA_20221121T011514	B05
S2B_MSIL2A_20221120T145729_R039_T19NDA_20221121T011514	B06
S2B_MSIL2A_20221120T145729_R039_T19NDA_20221121T011514	B07
S2B_MSIL2A_20221120T145729_R039_T19NDA_20221121T011514	B08
S2B_MSIL2A_20221120T145729_R039_T19NDA_20221121T011514	B11
S2B_MSIL2A_20221120T145729_R039_T19NDA_20221121T011514	B12
S2B_MSIL2A_20221130T145729_R039_T19MDR_20221202T195458	B02
S2B_MSIL2A_20221130T145729_R039_T19MDR_20221202T195458	B03
S2B_MSIL2A_20221130T145729_R039_T19MDR_20221202T195458	B04
S2B_MSIL2A_20221130T145729_R039_T19MDR_20221202T195458	B05
S2B_MSIL2A_20221130T145729_R039_T19MDR_20221202T195458	B06
S2B_MSIL2A_20221130T145729_R039_T19MDR_20221202T195458	B07
S2B_MSIL2A_20221130T145729_R039_T19MDR_20221202T195458	B08
S2B_MSIL2A_20221130T145729_R039_T19MDR_20221202T195458	B11
S2B_MSIL2A_20221130T145729_R039_T19MDR_20221202T195458	B12
S2B_MSIL2A_20221203T150719_R082_T19NCD_20221204T102031	B08
S2B_MSIL2A_20221203T150719_R082_T19NCD_20221204T102031	B11
S2B_MSIL2A_20221203T150719_R082_T19NCD_20221204T102031	B12
S2B_MSIL2A_20221210T145719_R039_T19MCR_20221211T093812	B04
S2B_MSIL2A_20221210T145719_R039_T19MCR_20221211T093812	B05
S2B_MSIL2A_20221210T145719_R039_T19MCR_20221211T093812	B06
S2B_MSIL2A_20221210T145719_R039_T19MCR_20221211T093812	B07
S2B_MSIL2A_20221210T145719_R039_T19MCR_20221211T093812	B08
S2B_MSIL2A_20221210T145719_R039_T19MCR_20221211T093812	B11
S2B_MSIL2A_20221210T145719_R039_T19MCR_20221211T093812	B12
S2B_MSIL2A_20221216T151659_R125_T18MZE_20221217T135312	B02
S2B_MSIL2A_20221216T151659_R125_T18MZE_20221217T135312	B03
S2B_MSIL2A_20221216T151659_R125_T18MZE_20221217T135312	B04
S2B_MSIL2A_20221216T151659_R125_T18MZE_20221217T135312	B05
S2B_MSIL2A_20221216T151659_R125_T18MZE_20221217T135312	B06
S2B_MSIL2A_20221216T151659_R125_T18MZE_20221217T135312	B07
S2B_MSIL2A_20221216T151659_R125_T18MZE_20221217T135312	B08
S2B_MSIL2A_20221216T151659_R125_T18MZE_20221217T135312	B11
S2B_MSIL2A_20221216T151659_R125_T18MZE_20221217T135312	B12
S2B_MSIL2A_20221216T151659_R125_T18NZF_20221217T105449	B12
S2B_MSIL2A_20221216T151659_R125_T19NBC_20221217T102953	B08
S2B_MSIL2A_20221216T151659_R125_T19NBC_20221217T102953	B11
S2B_MSIL2A_20221216T151659_R125_T19NBC_20221217T102953	B12
S2B_MSIL2A_20221223T150719_R082_T18NZF_20221224T215218	B06
S2B_MSIL2A_20221223T150719_R082_T18NZF_20221224T215218	B07
S2B_MSIL2A_20221223T150719_R082_T18NZF_20221224T215218	B08
S2B_MSIL2A_20221223T150719_R082_T18NZF_20221224T215218	B11
S2B_MSIL2A_20221223T150719_R082_T18NZF_20221224T215218	B12
S2B_MSIL2A_20221223T150719_R082_T19MBT_20221224T223149	B04
S2B_MSIL2A_20221223T150719_R082_T19MBT_20221224T223149	B05
S2B_MSIL2A_20221223T150719_R082_T19MBT_20221224T223149	B06
S2B_MSIL2A_20221223T150719_R082_T19MBT_20221224T223149	B07
S2B_MSIL2A_20221223T150719_R082_T19MBT_20221224T223149	B08
S2B_MSIL2A_20221223T150719_R082_T19MBT_20221224T223149	B11
S2B_MSIL2A_20221223T150719_R082_T19MBT_20221224T223149	B12
S2B_MSIL2A_20221223T150719_R082_T19MBU_20221224T230417	B05
S2B_MSIL2A_20221223T150719_R082_T19MBU_20221224T230417	B06
S2B_MSIL2A_20221223T150719_R082_T19MBU_20221224T230417	B07
S2B_MSIL2A_20221223T150719_R082_T19MBU_20221224T230417	B08
S2B_MSIL2A_20221223T150719_R082_T19MBU_20221224T230417	B11
S2B_MSIL2A_20221223T150719_R082_T19MBU_20221224T230417	B12
S2B_MSIL2A_20221223T150719_R082_T19MCT_20221224T224356	B02
S2B_MSIL2A_20221223T150719_R082_T19MCT_20221224T224356	B03
S2B_MSIL2A_20221223T150719_R082_T19MCT_20221224T224356	B04
S2B_MSIL2A_20221223T150719_R082_T19MCT_20221224T224356	B05
S2B_MSIL2A_20221223T150719_R082_T19MCT_20221224T224356	B06
S2B_MSIL2A_20221223T150719_R082_T19MCT_20221224T224356	B07
S2B_MSIL2A_20221223T150719_R082_T19MCT_20221224T224356	B08
S2B_MSIL2A_20221223T150719_R082_T19MCT_20221224T224356	B11
S2B_MSIL2A_20221223T150719_R082_T19MCT_20221224T224356	B12
S2B_MSIL2A_20221223T150719_R082_T19NBB_20221224T220506	B05
S2B_MSIL2A_20221223T150719_R082_T19NBB_20221224T220506	B06
S2B_MSIL2A_20221223T150719_R082_T19NBB_20221224T220506	B07
S2B_MSIL2A_20221223T150719_R082_T19NBB_20221224T220506	B08
S2B_MSIL2A_20221223T150719_R082_T19NBB_20221224T220506	B11
S2B_MSIL2A_20221223T150719_R082_T19NBC_20221224T231615	B02
S2B_MSIL2A_20221223T150719_R082_T19NBC_20221224T231615	B03
S2B_MSIL2A_20221223T150719_R082_T19NBC_20221224T231615	B04
S2B_MSIL2A_20221223T150719_R082_T19NBC_20221224T231615	B05
S2B_MSIL2A_20221223T150719_R082_T19NBC_20221224T231615	B06
S2B_MSIL2A_20221223T150719_R082_T19NBC_20221224T231615	B07
S2B_MSIL2A_20221223T150719_R082_T19NBC_20221224T231615	B08
S2B_MSIL2A_20221223T150719_R082_T19NBC_20221224T231615	B11
S2B_MSIL2A_20221223T150719_R082_T19NCC_20221224T231111	B11
S2B_MSIL2A_20221226T151709_R125_T19NBC_20221227T065511	B06
S2B_MSIL2A_20221226T151709_R125_T19NBC_20221227T065511	B07
S2B_MSIL2A_20221226T151709_R125_T19NBC_20221227T065511	B08
S2B_MSIL2A_20221226T151709_R125_T19NBC_20221227T065511	B11
S2B_MSIL2A_20221230T145729_R039_T19MDV_20221231T144757	B06
S2B_MSIL2A_20221230T145729_R039_T19MDV_20221231T144757	B07
S2B_MSIL2A_20221230T145729_R039_T19MDV_20221231T144757	B08
S2B_MSIL2A_20221230T145729_R039_T19MDV_20221231T144757	B11
S2B_MSIL2A_20221230T145729_R039_T19MDV_20221231T144757	B12
S2B_MSIL2A_20221230T145729_R039_T19NEB_20221231T142630	B04
S2B_MSIL2A_20221230T145729_R039_T19NEB_20221231T142630	B05
S2B_MSIL2A_20221230T145729_R039_T19NEB_20221231T142630	B06
S2B_MSIL2A_20221230T145729_R039_T19NEB_20221231T142630	B07
S2B_MSIL2A_20221230T145729_R039_T19NEB_20221231T142630	B08
S2B_MSIL2A_20221230T145729_R039_T19NEB_20221231T142630	B11
S2B_MSIL2A_20221230T145729_R039_T19NEB_20221231T142630	B12
S2B_MSIL2A_20221230T145729_R039_T19NFC_20221231T142928	B05
S2B_MSIL2A_20221230T145729_R039_T19NFC_20221231T142928	B06
S2B_MSIL2A_20221230T145729_R039_T19NFC_20221231T142928	B07
S2B_MSIL2A_20221230T145729_R039_T19NFC_20221231T142928	B08
S2B_MSIL2A_20221230T145729_R039_T19NFC_20221231T142928	B11
S2B_MSIL2A_20221230T145729_R039_T19NFC_20221231T142928	B12
S2B_MSIL2A_20230105T151659_R125_T18NZG_20230106T062509	B02
S2B_MSIL2A_20230105T151659_R125_T18NZG_20230106T062509	B03
S2B_MSIL2A_20230105T151659_R125_T18NZG_20230106T062509	B04
S2B_MSIL2A_20230105T151659_R125_T18NZG_20230106T062509	B05
S2B_MSIL2A_20230105T151659_R125_T18NZG_20230106T062509	B06
S2B_MSIL2A_20230105T151659_R125_T18NZG_20230106T062509	B07
S2B_MSIL2A_20230105T151659_R125_T18NZG_20230106T062509	B08
S2B_MSIL2A_20230105T151659_R125_T18NZG_20230106T062509	B11
S2B_MSIL2A_20230105T151659_R125_T18NZG_20230106T062509	B12
S2B_MSIL2A_20230125T151659_R125_T18MYC_20230127T024648	B06
S2B_MSIL2A_20230125T151659_R125_T18MYC_20230127T024648	B07
S2B_MSIL2A_20230125T151659_R125_T18MYC_20230127T024648	B08
S2B_MSIL2A_20230125T151659_R125_T18MYC_20230127T024648	B11
S2B_MSIL2A_20230125T151659_R125_T18MYC_20230127T024648	B12
S2B_MSIL2A_20230125T151659_R125_T18MZE_20230127T033316	B11
S2B_MSIL2A_20230201T150719_R082_T18MZD_20230202T101643	B05
S2B_MSIL2A_20230201T150719_R082_T18MZD_20230202T101643	B06
S2B_MSIL2A_20230201T150719_R082_T18MZD_20230202T101643	B07
S2B_MSIL2A_20230201T150719_R082_T18MZD_20230202T101643	B08
S2B_MSIL2A_20230201T150719_R082_T18MZD_20230202T101643	B11
S2B_MSIL2A_20230201T150719_R082_T18MZD_20230202T101643	B12
S2B_MSIL2A_20230201T150719_R082_T18NZF_20230202T105659	B04
S2B_MSIL2A_20230201T150719_R082_T18NZF_20230202T105659	B05
S2B_MSIL2A_20230201T150719_R082_T18NZF_20230202T105659	B06
S2B_MSIL2A_20230201T150719_R082_T18NZF_20230202T105659	B07
S2B_MSIL2A_20230201T150719_R082_T18NZF_20230202T105659	B08
S2B_MSIL2A_20230201T150719_R082_T18NZF_20230202T105659	B11
S2B_MSIL2A_20230201T150719_R082_T18NZF_20230202T105659	B12
S2B_MSIL2A_20230201T150719_R082_T19MBU_20230202T105022	B02
S2B_MSIL2A_20230201T150719_R082_T19MBU_20230202T105022	B03
S2B_MSIL2A_20230201T150719_R082_T19MBU_20230202T105022	B04
S2B_MSIL2A_20230201T150719_R082_T19MBU_20230202T105022	B05
S2B_MSIL2A_20230201T150719_R082_T19MBU_20230202T105022	B06
S2B_MSIL2A_20230201T150719_R082_T19MBU_20230202T105022	B07
S2B_MSIL2A_20230201T150719_R082_T19MBU_20230202T105022	B08
S2B_MSIL2A_20230201T150719_R082_T19MBU_20230202T105022	B11
S2B_MSIL2A_20230201T150719_R082_T19MBU_20230202T105022	B12
S2B_MSIL2A_20230201T150719_R082_T19NBB_20230202T102607	B07
S2B_MSIL2A_20230201T150719_R082_T19NBB_20230202T102607	B08
S2B_MSIL2A_20230201T150719_R082_T19NBB_20230202T102607	B11
S2B_MSIL2A_20230201T150719_R082_T19NBB_20230202T102607	B12
S2B_MSIL2A_20230201T150719_R082_T19NCB_20230202T103140	B08
S2B_MSIL2A_20230201T150719_R082_T19NCB_20230202T103140	B11
S2B_MSIL2A_20230201T150719_R082_T19NCB_20230202T103140	B12
S2B_MSIL2A_20230214T151659_R125_T18MYE_20230215T022121	B07
S2B_MSIL2A_20230214T151659_R125_T18MYE_20230215T022121	B08
S2B_MSIL2A_20230214T151659_R125_T18MYE_20230215T022121	B11
S2B_MSIL2A_20230214T151659_R125_T18MYE_20230215T022121	B12
S2B_MSIL2A_20230214T151659_R125_T18NZG_20230215T023624	B06
S2B_MSIL2A_20230214T151659_R125_T18NZG_20230215T023624	B07
S2B_MSIL2A_20230214T151659_R125_T18NZG_20230215T023624	B08
S2B_MSIL2A_20230214T151659_R125_T18NZG_20230215T023624	B11
S2B_MSIL2A_20230214T151659_R125_T18NZG_20230215T023624	B12
S2B_MSIL2A_20230214T151659_R125_T19NBC_20230215T024549	B12
S2B_MSIL2A_20230218T145729_R039_T19MDV_20230221T163545	B04
S2B_MSIL2A_20230218T145729_R039_T19MDV_20230221T163545	B05
S2B_MSIL2A_20230218T145729_R039_T19MDV_20230221T163545	B06
S2B_MSIL2A_20230218T145729_R039_T19MDV_20230221T163545	B07
S2B_MSIL2A_20230218T145729_R039_T19MDV_20230221T163545	B08
S2B_MSIL2A_20230218T145729_R039_T19MDV_20230221T163545	B11
S2B_MSIL2A_20230218T145729_R039_T19MDV_20230221T163545	B12
S2B_MSIL2A_20230218T145729_R039_T19NDA_20230221T161130	B11
S2B_MSIL2A_20230218T145729_R039_T19NDA_20230221T161130	B12
S2B_MSIL2A_20230218T145729_R039_T19NED_20230221T162728	B03
S2B_MSIL2A_20230218T145729_R039_T19NED_20230221T162728	B04
S2B_MSIL2A_20230218T145729_R039_T19NED_20230221T162728	B05
S2B_MSIL2A_20230218T145729_R039_T19NED_20230221T162728	B06
S2B_MSIL2A_20230218T145729_R039_T19NED_20230221T162728	B07
S2B_MSIL2A_20230218T145729_R039_T19NED_20230221T162728	B08
S2B_MSIL2A_20230218T145729_R039_T19NED_20230221T162728	B11
S2B_MSIL2A_20230218T145729_R039_T19NED_20230221T162728	B12
S2B_MSIL2A_20230218T145729_R039_T19NFC_20230221T161551	B04
S2B_MSIL2A_20230218T145729_R039_T19NFC_20230221T161551	B05
S2B_MSIL2A_20230218T145729_R039_T19NFC_20230221T161551	B06
S2B_MSIL2A_20230218T145729_R039_T19NFC_20230221T161551	B07
S2B_MSIL2A_20230218T145729_R039_T19NFC_20230221T161551	B08
S2B_MSIL2A_20230218T145729_R039_T19NFC_20230221T161551	B11
S2B_MSIL2A_20230218T145729_R039_T19NFC_20230221T161551	B12
S2B_MSIL2A_20230218T145729_R039_T19NFD_20230221T162529	B11
S2B_MSIL2A_20230218T145729_R039_T19NFD_20230221T162529	B12
S2B_MSIL2A_20230221T150719_R082_T19NED_20230225T172340	B02
S2B_MSIL2A_20230221T150719_R082_T19NED_20230225T172340	B03
S2B_MSIL2A_20230221T150719_R082_T19NED_20230225T172340	B04
S2B_MSIL2A_20230221T150719_R082_T19NED_20230225T172340	B05
S2B_MSIL2A_20230221T150719_R082_T19NED_20230225T172340	B06
S2B_MSIL2A_20230221T150719_R082_T19NED_20230225T172340	B07
S2B_MSIL2A_20230221T150719_R082_T19NED_20230225T172340	B08
S2B_MSIL2A_20230221T150719_R082_T19NED_20230225T172340	B11
S2B_MSIL2A_20230221T150719_R082_T19NED_20230225T172340	B12
S2B_MSIL2A_20230224T151709_R125_T18NYF_20230228T214321	B02
S2B_MSIL2A_20230224T151709_R125_T18NYF_20230228T214321	B03
S2B_MSIL2A_20230224T151709_R125_T18NYF_20230228T214321	B04
S2B_MSIL2A_20230224T151709_R125_T18NYF_20230228T214321	B05
S2B_MSIL2A_20230224T151709_R125_T18NYF_20230228T214321	B06
S2B_MSIL2A_20230224T151709_R125_T18NYF_20230228T214321	B07
S2B_MSIL2A_20230224T151709_R125_T18NYF_20230228T214321	B08
S2B_MSIL2A_20230224T151709_R125_T18NYF_20230228T214321	B11
S2B_MSIL2A_20230224T151709_R125_T18NYF_20230228T214321	B12
S2B_MSIL2A_20221219T152639_R025_T18NVH_20221220T092710	B04
S2B_MSIL2A_20221219T152639_R025_T18NVH_20221220T092710	B05
S2B_MSIL2A_20221219T152639_R025_T18NVH_20221220T092710	B06
S2B_MSIL2A_20221219T152639_R025_T18NVH_20221220T092710	B07
S2B_MSIL2A_20221219T152639_R025_T18NVH_20221220T092710	B08
S2B_MSIL2A_20221219T152639_R025_T18NVH_20221220T092710	B11
S2B_MSIL2A_20221219T152639_R025_T18NVH_20221220T092710	B12
S2B_MSIL2A_20221229T152639_R025_T18NTF_20221230T210832	B02
S2B_MSIL2A_20221229T152639_R025_T18NTF_20221230T210832	B03
S2B_MSIL2A_20221229T152639_R025_T18NTF_20221230T210832	B04
S2B_MSIL2A_20221229T152639_R025_T18NTF_20221230T210832	B05
S2B_MSIL2A_20221229T152639_R025_T18NTF_20221230T210832	B06
S2B_MSIL2A_20221229T152639_R025_T18NTF_20221230T210832	B07
S2B_MSIL2A_20221229T152639_R025_T18NTF_20221230T210832	B08
S2B_MSIL2A_20221229T152639_R025_T18NTF_20221230T210832	B11
S2B_MSIL2A_20221229T152639_R025_T18NTF_20221230T210832	B12
S2B_MSIL2A_20221229T152639_R025_T18NUG_20221230T202653	B05
S2B_MSIL2A_20221229T152639_R025_T18NUG_20221230T202653	B06
S2B_MSIL2A_20221229T152639_R025_T18NUG_20221230T202653	B07
S2B_MSIL2A_20221229T152639_R025_T18NUG_20221230T202653	B08
S2B_MSIL2A_20221229T152639_R025_T18NUG_20221230T202653	B11
S2B_MSIL2A_20221229T152639_R025_T18NUG_20221230T202653	B12
S2B_MSIL2A_20221229T152639_R025_T18NUJ_20221230T192937	B02
S2B_MSIL2A_20221229T152639_R025_T18NUJ_20221230T192937	B03
S2B_MSIL2A_20221229T152639_R025_T18NUJ_20221230T192937	B04
S2B_MSIL2A_20221229T152639_R025_T18NUJ_20221230T192937	B05
S2B_MSIL2A_20221229T152639_R025_T18NUJ_20221230T192937	B06
S2B_MSIL2A_20221229T152639_R025_T18NUJ_20221230T192937	B07
S2B_MSIL2A_20221229T152639_R025_T18NUJ_20221230T192937	B08
S2B_MSIL2A_20221229T152639_R025_T18NUJ_20221230T192937	B11
S2B_MSIL2A_20221229T152639_R025_T18NUJ_20221230T192937	B12
S2B_MSIL2A_20221229T152639_R025_T18NVJ_20221230T210225	B05
S2B_MSIL2A_20221229T152639_R025_T18NVJ_20221230T210225	B06
S2B_MSIL2A_20221229T152639_R025_T18NVJ_20221230T210225	B07
S2B_MSIL2A_20221229T152639_R025_T18NVJ_20221230T210225	B08
S2B_MSIL2A_20221229T152639_R025_T18NVJ_20221230T210225	B11
S2B_MSIL2A_20221229T152639_R025_T18NVJ_20221230T210225	B12
S2B_MSIL2A_20221229T152639_R025_T18NWF_20221230T201342	B02
S2B_MSIL2A_20221229T152639_R025_T18NWF_20221230T201342	B03
S2B_MSIL2A_20221229T152639_R025_T18NWF_20221230T201342	B04
S2B_MSIL2A_20221229T152639_R025_T18NWF_20221230T201342	B05
S2B_MSIL2A_20221229T152639_R025_T18NWF_20221230T201342	B06
S2B_MSIL2A_20221229T152639_R025_T18NWF_20221230T201342	B07
S2B_MSIL2A_20221229T152639_R025_T18NWF_20221230T201342	B08
S2B_MSIL2A_20221229T152639_R025_T18NWF_20221230T201342	B11
S2B_MSIL2A_20221229T152639_R025_T18NWF_20221230T201342	B12
S2B_MSIL2A_20230101T153619_R068_T18NTH_20230102T042737	B02
S2B_MSIL2A_20230101T153619_R068_T18NTH_20230102T042737	B03
S2B_MSIL2A_20230101T153619_R068_T18NTH_20230102T042737	B04
S2B_MSIL2A_20230101T153619_R068_T18NTH_20230102T042737	B05
S2B_MSIL2A_20230101T153619_R068_T18NTH_20230102T042737	B06
S2B_MSIL2A_20230101T153619_R068_T18NTH_20230102T042737	B07
S2B_MSIL2A_20230101T153619_R068_T18NTH_20230102T042737	B08
S2B_MSIL2A_20230101T153619_R068_T18NTH_20230102T042737	B11
S2B_MSIL2A_20230101T153619_R068_T18NTH_20230102T042737	B12
S2B_MSIL2A_20230125T151659_R125_T18NXF_20230127T024642	B06
S2B_MSIL2A_20230125T151659_R125_T18NXF_20230127T024642	B07
S2B_MSIL2A_20230125T151659_R125_T18NXF_20230127T024642	B08
S2B_MSIL2A_20230125T151659_R125_T18NXF_20230127T024642	B11
S2A_MSIL2A_20221225T145721_R039_T19NEE_20221226T101348	B11
S2A_MSIL2A_20230124T145721_R039_T19NEF_20230126T012751	B08
S2A_MSIL2A_20230124T145721_R039_T19NEF_20230126T012751	B11
S2A_MSIL2A_20230124T145721_R039_T19NFF_20230126T004419	B05
S2A_MSIL2A_20230124T145721_R039_T19NFF_20230126T004419	B06
S2A_MSIL2A_20230124T145721_R039_T19NFF_20230126T004419	B07
S2A_MSIL2A_20230124T145721_R039_T19NFF_20230126T004419	B08
S2A_MSIL2A_20230124T145721_R039_T19NFF_20230126T004419	B11
S2A_MSIL2A_20230127T150721_R082_T19NCH_20230128T224206	B02
S2A_MSIL2A_20230127T150721_R082_T19NCH_20230128T224206	B03
S2A_MSIL2A_20230127T150721_R082_T19NCH_20230128T224206	B04
S2A_MSIL2A_20230127T150721_R082_T19NCH_20230128T224206	B05
S2A_MSIL2A_20230127T150721_R082_T19NCH_20230128T224206	B06
S2A_MSIL2A_20230127T150721_R082_T19NCH_20230128T224206	B07
S2A_MSIL2A_20230127T150721_R082_T19NCH_20230128T224206	B08
S2A_MSIL2A_20230127T150721_R082_T19NCH_20230128T224206	B11
S2B_MSIL2A_20221223T150719_R082_T19NEF_20221224T232043	B11
S2B_MSIL2A_20221226T151709_R125_T18PZT_20221227T055646	B05
S2B_MSIL2A_20221226T151709_R125_T18PZT_20221227T055646	B06
S2B_MSIL2A_20221226T151709_R125_T18PZT_20221227T055646	B07
S2B_MSIL2A_20221226T151709_R125_T18PZT_20221227T055646	B08
S2B_MSIL2A_20221226T151709_R125_T18PZT_20221227T055646	B11
S2B_MSIL2A_20221226T151709_R125_T19NCH_20221227T054857	B04
S2B_MSIL2A_20221226T151709_R125_T19NCH_20221227T054857	B05
S2B_MSIL2A_20221226T151709_R125_T19NCH_20221227T054857	B06
S2B_MSIL2A_20221226T151709_R125_T19NCH_20221227T054857	B07
S2B_MSIL2A_20221226T151709_R125_T19NCH_20221227T054857	B08
S2B_MSIL2A_20221226T151709_R125_T19NCH_20221227T054857	B11
S2B_MSIL2A_20230119T145729_R039_T19NFG_20230121T093819	B06
S2B_MSIL2A_20230119T145729_R039_T19NFG_20230121T093819	B07
S2B_MSIL2A_20230119T145729_R039_T19NFG_20230121T093819	B08
S2B_MSIL2A_20230119T145729_R039_T19NFG_20230121T093819	B11
S2B_MSIL2A_20230119T145729_R039_T19NFH_20230121T101119	B11
S2A_MSIL2A_20230126T153621_R068_T18NUK_20230127T221226	B07
S2A_MSIL2A_20230126T153621_R068_T18NUK_20230127T221226	B08
S2A_MSIL2A_20230126T153621_R068_T18NUK_20230127T221226	B11
S2B_MSIL2A_20221202T153619_R068_T18NVL_20221203T224915	B11
S2B_MSIL2A_20221222T153619_R068_T17NRJ_20221224T011542	B08
S2B_MSIL2A_20221222T153619_R068_T17NRJ_20221224T011542	B11
S2A_MSIL2A_20220627T152651_R025_T18NTF_20220628T091551	B05
S2A_MSIL2A_20220627T152651_R025_T18NTF_20220628T091551	B06
S2A_MSIL2A_20220627T152651_R025_T18NTF_20220628T091551	B07
S2A_MSIL2A_20220627T152651_R025_T18NTF_20220628T091551	B08
S2A_MSIL2A_20220627T152651_R025_T18NTF_20220628T091551	B11
S2A_MSIL2A_20220627T152651_R025_T18NUF_20220628T082321	B11
S2A_MSIL2A_20220816T152651_R025_T18NVG_20220817T073759	B03
S2A_MSIL2A_20220816T152651_R025_T18NVG_20220817T073759	B04
S2A_MSIL2A_20220816T152651_R025_T18NVG_20220817T073759	B05
S2A_MSIL2A_20220816T152651_R025_T18NVG_20220817T073759	B06
S2A_MSIL2A_20220816T152651_R025_T18NVG_20220817T073759	B07
S2A_MSIL2A_20220816T152651_R025_T18NVG_20220817T073759	B08
S2A_MSIL2A_20220816T152651_R025_T18NVG_20220817T073759	B11
S2A_MSIL2A_20220823T151721_R125_T18MWD_20220824T155705	B11
S2A_MSIL2A_20220912T151711_R125_T18NXF_20220913T103917	B03
S2A_MSIL2A_20220912T151711_R125_T18NXF_20220913T103917	B04
S2A_MSIL2A_20220912T151711_R125_T18NXF_20220913T103917	B05
S2A_MSIL2A_20220912T151711_R125_T18NXF_20220913T103917	B06
S2A_MSIL2A_20220912T151711_R125_T18NXF_20220913T103917	B07
S2A_MSIL2A_20220912T151711_R125_T18NXF_20220913T103917	B08
S2A_MSIL2A_20220912T151711_R125_T18NXF_20220913T103917	B11
S2A_MSIL2A_20220922T151711_R125_T18MWD_20220923T075925	B11
S2A_MSIL2A_20221012T151711_R125_T18MXC_20221013T023944	B04
S2A_MSIL2A_20221012T151711_R125_T18MXC_20221013T023944	B05
S2A_MSIL2A_20221012T151711_R125_T18MXC_20221013T023944	B06
S2A_MSIL2A_20221012T151711_R125_T18MXC_20221013T023944	B07
S2A_MSIL2A_20221012T151711_R125_T18MXC_20221013T023944	B08
S2A_MSIL2A_20221012T151711_R125_T18MXC_20221013T023944	B11
S2A_MSIL2A_20221022T151711_R125_T18MXE_20221023T133419	B08
S2A_MSIL2A_20221022T151711_R125_T18MXE_20221023T133419	B11
S2B_MSIL2A_20220222T152639_R025_T18NXH_20220228T171245	B03
S2B_MSIL2A_20220222T152639_R025_T18NXH_20220228T171245	B04
S2B_MSIL2A_20220222T152639_R025_T18NXH_20220228T171245	B05
S2B_MSIL2A_20220222T152639_R025_T18NXH_20220228T171245	B06
S2B_MSIL2A_20220222T152639_R025_T18NXH_20220228T171245	B07
S2B_MSIL2A_20220222T152639_R025_T18NXH_20220228T171245	B08
S2B_MSIL2A_20220222T152639_R025_T18NXH_20220228T171245	B11
S2B_MSIL2A_20220808T151709_R125_T18MXE_20220810T103924	B05
S2B_MSIL2A_20220808T151709_R125_T18MXE_20220810T103924	B06
S2B_MSIL2A_20220808T151709_R125_T18MXE_20220810T103924	B07
S2B_MSIL2A_20220808T151709_R125_T18MXE_20220810T103924	B08
S2B_MSIL2A_20220808T151709_R125_T18MXE_20220810T103924	B11
S2B_MSIL2A_20220818T151709_R125_T18NWG_20220819T070332	B05
S2B_MSIL2A_20220818T151709_R125_T18NWG_20220819T070332	B06
S2B_MSIL2A_20220818T151709_R125_T18NWG_20220819T070332	B07
S2B_MSIL2A_20220818T151709_R125_T18NWG_20220819T070332	B08
S2B_MSIL2A_20220818T151709_R125_T18NWG_20220819T070332	B11
S2B_MSIL2A_20220818T151709_R125_T18NXG_20220819T075038	B11
S2B_MSIL2A_20220818T151709_R125_T18NYF_20220819T070656	B06
S2B_MSIL2A_20220818T151709_R125_T18NYF_20220819T070656	B07
S2B_MSIL2A_20220818T151709_R125_T18NYF_20220819T070656	B08
S2B_MSIL2A_20220818T151709_R125_T18NYF_20220819T070656	B11
S2B_MSIL2A_20221007T151659_R125_T18NXF_20221008T060737	B05
S2B_MSIL2A_20221007T151659_R125_T18NXF_20221008T060737	B06
S2B_MSIL2A_20221007T151659_R125_T18NXF_20221008T060737	B07
S2B_MSIL2A_20221007T151659_R125_T18NXF_20221008T060737	B08
S2B_MSIL2A_20221007T151659_R125_T18NXF_20221008T060737	B11
